run_ts,rank,name,dex,direction,score,long_score,short_score,price,ppo_pct,rsi,funding,vol_mult,warnings
2026-09-30T11:10:55.561Z,1,LIT,,SHORT,-3.6,-0.4,-3.6,3.9151,-3.6440,39.93,0.0000125,0.8,
2026-09-30T11:10:55.561Z,2,CRV,,LONG,3.2,3.2,0,0.39573,1.1926,54.97,0.0000125,0.8,
2026-09-30T11:10:55.561Z,3,kBONK,,LONG,3,3,0,0.003871,2.0116,59.74,0.0000125,1,
2026-09-30T11:10:55.561Z,4,ASTER,,LONG,3,3,0,0.75553,1.5154,61.35,0.0000125,1,
2026-09-30T11:10:55.561Z,5,xyz:NBIS,xyz,LONG,3,3,-1,240.86,0.5802,54.51,0.0000087078,1,
2026-09-30T11:10:55.561Z,6,xyz:HOOD,xyz,LONG,2.8,2.8,1.2,118.86,0.5538,54.40,0.0000400019,0.8,
2026-09-30T11:10:55.561Z,7,DOGE,,LONG,2.5,2.5,1.5,0.095078,0.0726,57.18,0.0000125,1,
2026-09-30T11:10:55.561Z,8,XPL,,LONG,2.5,2.5,-0.5,0.096782,-0.6583,47.54,0.00008641,1,
2026-09-30T11:10:55.561Z,9,ZRO,,LONG,2.4,2.4,-0.8,1.748,2.7246,56.47,0.0000125,0.8,
2026-09-30T11:10:55.561Z,10,NEAR,,LONG,2.4,2.4,0,5.28337,1.4020,65.07,0.0000229226,0.8,
2026-09-30T11:10:55.561Z,11,WIF,,LONG,2.4,2.4,0,0.25335,1.5364,63.22,0.0000125,0.8,
2026-09-30T11:10:55.561Z,12,ALGO,,SHORT,-2.4,0.8,-2.4,0.12436,-1.1350,43.59,0.0000125,0.8,
2026-09-30T11:10:55.561Z,13,PENGU,,LONG,2.4,2.4,0,0.010213,0.9812,60.66,0.0000125,0.8,
2026-09-30T11:10:55.561Z,14,PUMP,,LONG,2.4,2.4,0,0.005714,1.6745,54.14,0.0000125,0.8,
2026-09-30T11:10:55.561Z,15,0G,,LONG,2.4,2.4,0,0.33426,2.5570,54.18,0.0000125,0.8,
2026-09-30T11:10:55.561Z,16,2Z,,SHORT,-2.4,0,-2.4,0.063472,-1.2723,37.26,0.0000125,0.8,
2026-09-30T11:10:55.561Z,17,ICP,,LONG,2.4,2.4,0,3.4138,1.0897,52.79,0.0000125,0.8,
2026-09-30T11:10:55.561Z,18,AZTEC,,SHORT,-2.4,0,-2.4,0.017186,-1.6754,43.98,0.000099961,0.8,
2026-09-30T11:10:55.561Z,19,xyz:ZHIPU,xyz,LONG,2.4,2.4,0,81.729,1.0923,61.07,0.0000883596,0.8,
2026-09-30T11:10:55.561Z,20,io:NBIS,io,LONG,2.4,2.4,-0.8,241.14,0.5841,55.03,0.000050381,0.8,
2026-09-30T11:10:55.561Z,21,TAO,,LONG,2,2,1.2,304.22,-0.3480,49.33,0.0000125,0.8,
2026-09-30T11:10:55.561Z,22,PURR,,LONG,2,2,1.2,0.14396,-0.1742,59.31,0.0000125,0.8,
2026-09-30T11:10:55.561Z,23,BERA,,SHORT,-2,1.2,-2,0.24614,2.9355,55.83,0.0000027739,0.8,
2026-09-30T11:10:55.561Z,24,xyz:AMD,xyz,SHORT,-2,0,-2,603.74,-0.2291,37.80,0.00000625,1,
2026-09-30T11:10:55.561Z,25,LDO,,LONG,1.6,1.6,0,0.4754,0.8710,56.60,0.0000125,0.8,
2026-09-30T11:10:55.561Z,26,LINK,,SHORT,-1.6,0,-1.6,14.323,-0.9434,39.26,-0.0000012282,0.8,
2026-09-30T11:10:55.561Z,27,DOT,,LONG,1.6,1.6,0,1.2204,0.6984,55.45,0.0000125,0.8,
2026-09-30T11:10:55.561Z,28,FET,,SHORT,-1.6,0,-1.6,0.21905,-0.9541,41.80,0.0000125,0.8,
2026-09-30T11:10:55.561Z,29,JTO,,SHORT,-1.6,0,-1.6,0.55232,-0.2487,45.34,0.0000125,0.8,
2026-09-30T11:10:55.561Z,30,ONDO,,SHORT,-1.6,0,-1.6,0.50339,-0.6704,46.81,0.0000125,0.8,
2026-09-30T11:10:55.561Z,31,W,,SHORT,-1.6,0.8,-1.6,0.01342,-0.8792,41.59,0.0000355142,0.8,
2026-09-30T11:10:55.561Z,32,HBAR,,SHORT,-1.6,0,-1.6,0.106959,-1.3587,48.26,0.0000125,0.8,
2026-09-30T11:10:55.561Z,33,EIGEN,,SHORT,-1.6,0.8,-1.6,0.2493,-0.7427,44.36,0.0000125,0.8,
2026-09-30T11:10:55.561Z,34,VIRTUAL,,SHORT,-1.6,0,-1.6,0.78737,-0.5908,47.75,0.0000125,0.8,
2026-09-30T11:10:55.561Z,35,FARTCOIN,,LONG,1.6,1.6,0,0.17916,0.5803,52.58,0.0000125,0.8,
2026-09-30T11:10:55.561Z,36,TRUMP,,LONG,1.6,1.6,0,2.0537,0.3369,52.85,0.0000125,0.8,
2026-09-30T11:10:55.561Z,37,NIL,,LONG,1.6,1.6,0,0.091009,1.7569,67.13,0.0000125,0.8,
2026-09-30T11:10:55.561Z,38,MON,,SHORT,-1.6,0,-1.6,0.027253,-0.5848,48.75,0.0000125,0.8,
2026-09-30T11:10:55.561Z,39,CASHCAT,,SHORT,-1.6,0.8,-1.6,0.17437,-0.5039,48.22,0.0000125,0.8,
2026-09-30T11:10:55.561Z,40,PONS,,LONG,1.6,1.6,0,0.56272,1.1977,58.80,0.0001183891,0.8,
2026-09-30T11:10:55.561Z,41,xyz:INTC,xyz,SHORT,-1.6,0,-1.6,115.6,-0.1708,43.04,0.00000625,0.8,
2026-09-30T11:10:55.561Z,42,xyz:PLTR,xyz,SHORT,-1.6,0,-1.6,185.95,-0.0970,40.54,-0.0000214732,0.8,
2026-09-30T11:10:55.561Z,43,xyz:MSFT,xyz,SHORT,-1.6,0,-1.6,507.8,-0.0548,44.37,0.00000625,0.8,
2026-09-30T11:10:55.561Z,44,xyz:AMZN,xyz,SHORT,-1.6,0,-1.6,246.21,-0.0254,42.84,0.0000084272,0.8,
2026-09-30T11:10:55.561Z,45,xyz:SNDK,xyz,SHORT,-1.6,0,-1.6,1721.6,0.0519,47.03,0.00000625,0.8,
2026-09-30T11:10:55.561Z,46,xyz:COPPER,xyz,SHORT,-1.6,0,-1.6,6.63,-0.0069,46.92,0.0000245427,0.8,
2026-09-30T11:10:55.561Z,47,xyz:SMSN,xyz,SHORT,-1.6,0,-1.6,197.41,-0.5431,33.81,-0.0002533219,0.8,
2026-09-30T11:10:55.561Z,48,xyz:KIOXIA,xyz,SHORT,-1.6,0,-1.6,115.37,-3.3376,26.89,-0.0000082751,0.8,"RSI<30 überverkauft, Bounce-Risiko"
2026-09-30T11:10:55.561Z,49,xyz:SP500,xyz,SHORT,-1.6,0,-1.6,7664.7,-0.0196,39.44,0.00000625,0.8,
2026-09-30T11:10:55.561Z,50,xyz:LITE,xyz,LONG,1.6,1.6,0,972.85,0.7834,55.63,0.00000625,0.8,
2026-09-30T11:10:55.561Z,51,xyz:CBRS,xyz,SHORT,-1.6,0,-1.6,184.43,-1.7708,25.41,-0.0000202992,0.8,"RSI<30 überverkauft, Bounce-Risiko"
2026-09-30T11:10:55.561Z,52,xyz:KORU,xyz,SHORT,-1.6,0,-1.6,20.215,-0.6208,34.64,0.00000625,0.8,
2026-09-30T11:10:55.561Z,53,mkts:US500,mkts,SHORT,-1.6,0,-1.6,763.56,-0.0210,38.73,0.0000057078,0.8,
2026-09-30T11:10:55.561Z,54,io:SNDK,io,SHORT,-1.6,0,-1.6,1722.1,0.0484,47.22,-0.0000022896,0.8,
2026-09-30T11:10:55.561Z,55,xyz:BE,xyz,LONG,1.5,1.5,-1.5,292.95,1.2307,59.38,0.0000010387,1,
2026-09-30T11:10:55.561Z,56,LTC,,LONG,1.2,1.2,1.2,67.438,-0.4773,49.04,0.0000125,0.8,
2026-09-30T11:10:55.561Z,57,APT,,LONG,1.2,1.2,-0.4,0.7957,-0.7048,46.51,0.0000125,0.8,
2026-09-30T11:10:55.561Z,58,PENDLE,,LONG,1.2,1.2,1.2,2.3499,-0.4086,50.22,0.0000125,0.8,
2026-09-30T11:10:55.561Z,59,GRASS,,LONG,1.2,1.2,-1.2,0.72487,1.6382,55.91,0.0000314772,0.8,
2026-09-30T11:10:55.561Z,60,CC,,LONG,1.2,1.2,-1.2,0.12524,-1.0316,45.06,0.0000125,0.8,
2026-09-30T11:10:55.561Z,61,GRAM,,LONG,1.2,1.2,-1.2,1.4855,-1.1686,41.15,0.0000125,0.8,
2026-09-30T11:10:55.561Z,62,xyz:AAPL,xyz,LONG,1.2,1.2,1.2,329.17,-0.4384,27.55,0.00000625,0.8,"RSI<30 überverkauft, Bounce-Risiko"
2026-09-30T11:10:55.561Z,63,xyz:ORCL,xyz,LONG,-1.2,-1.2,-1.2,137.04,0.4310,47.07,0.0000354129,0.8,
2026-09-30T11:10:55.561Z,64,xyz:CRCL,xyz,LONG,1.2,1.2,0.4,84.272,-0.3893,46.50,0.0000407367,0.8,
2026-09-30T11:10:55.561Z,65,xyz:BABA,xyz,LONG,1.2,1.2,0.4,108.29,0.0025,48.18,0.0000267233,0.8,
2026-09-30T11:10:55.561Z,66,xyz:GME,xyz,SHORT,-1.2,-0.4,-1.2,24.121,0.3136,57.54,0.00000625,0.8,
2026-09-30T11:10:55.561Z,67,xyz:RKLB,xyz,LONG,1.2,1.2,0.4,70.325,-0.4242,44.15,0.0000276526,0.8,
2026-09-30T11:10:55.561Z,68,xyz:BB,xyz,LONG,-1.2,-1.2,-1.2,8.655,0.0740,46.94,-0.0000010527,0.8,
2026-09-30T11:10:55.561Z,69,para:ANSEM,para,LONG,1.2,1.2,-0.4,0.141717,-1.3175,51.18,0.0002652728,0.8,
2026-09-30T11:10:55.561Z,70,mkts:USBOND,mkts,SHORT,-1.2,0,-1.2,78.4,0.0183,43.26,0.0000057078,1.2,
2026-09-30T11:10:55.561Z,71,io:ANTH,io,LONG,1.2,1.2,1.2,2087.3,0.1007,67.38,0.000024544,0.8,
2026-09-30T11:10:55.561Z,72,UNI,,LONG,1,1,-1,8.8342,-0.3069,47.24,0.0000125,1,
2026-09-30T11:10:55.561Z,73,xyz:TSLA,xyz,SHORT,-1,0,-1,350.12,-0.3906,28.94,0.0000218063,1,"RSI<30 überverkauft, Bounce-Risiko"
2026-09-30T11:10:55.561Z,74,xyz:SILVER,xyz,SHORT,-1,0,-1,60.642,-0.1304,38.28,0.00000625,1,
2026-09-30T11:10:55.561Z,75,xyz:JP225,xyz,LONG,1,1,0,66887,0.4941,62.28,0.0000086371,1,
2026-09-30T11:10:55.561Z,76,xyz:PURRDAT,xyz,SHORT,-1,0,-1,11.962,-0.4787,43.87,0.0001512427,1,
2026-09-30T11:10:55.561Z,77,mkts:USTECH,mkts,SHORT,-1,0,-1,736.15,-0.0103,42.30,0.0000057078,1,
2026-09-30T11:10:55.561Z,78,BTC,,LONG,0.8,0.8,0,83685,-0.0176,53.78,0.0000019847,0.8,
2026-09-30T11:10:55.561Z,79,ETH,,LONG,0.8,0.8,0,2688.3,-0.0561,52.42,0.0000125,0.8,
2026-09-30T11:10:55.561Z,80,SOL,,LONG,0.8,0.8,0,119.27,-0.0007,51.83,0.0000075689,0.8,
2026-09-30T11:10:55.561Z,81,ARB,,LONG,0.8,0.8,-0.8,0.20328,-0.3857,46.98,0.0000125,0.8,
2026-09-30T11:10:55.561Z,82,SUI,,SHORT,-0.8,0,-0.8,1.1483,-0.0121,45.60,0.0000125,0.8,
2026-09-30T11:10:55.561Z,83,kPEPE,,LONG,0.8,0.8,0,0.004325,0.4941,55.25,0.0000125,0.8,
2026-09-30T11:10:55.561Z,84,WLD,,LONG,0.8,0.8,0,0.51096,0.7790,58.93,0.0000125,0.8,
2026-09-30T11:10:55.561Z,85,SEI,,SHORT,-0.8,0,-0.8,0.073787,-0.2884,47.09,0.0000125,0.8,
2026-09-30T11:10:55.561Z,86,FIL,,LONG,0.8,0.8,-0.8,1.0623,-0.0088,48.27,0.0000125,0.8,
2026-09-30T11:10:55.561Z,87,JUP,,LONG,0.8,0.8,0,0.33148,-0.0378,52.65,0.00000955,0.8,
2026-09-30T11:10:55.561Z,88,AR,,SHORT,-0.8,0,-0.8,4.2253,-0.2105,46.05,0.0000125,0.8,
2026-09-30T11:10:55.561Z,89,ETHFI,,LONG,0.8,0.8,0,0.76072,0.6531,50.52,0.0000125,0.8,
2026-09-30T11:10:55.561Z,90,POL,,SHORT,-0.8,0,-0.8,0.1152,-0.4289,41.67,0.0000125,0.8,
2026-09-30T11:10:55.561Z,91,XLM,,LONG,0.8,0.8,0,0.226186,0.0830,54.38,0.0000125,0.8,
2026-09-30T11:10:55.561Z,92,SPX,,LONG,0.8,0.8,0,0.42698,0.6564,58.22,0.0000125,0.8,
2026-09-30T11:10:55.561Z,93,MORPHO,,LONG,0.8,0.8,0,2.577,0.6466,56.01,0.0000125,0.8,
2026-09-30T11:10:55.561Z,94,PAXG,,LONG,0.8,0.8,-0.8,4187.8,0.1743,53.32,0.0000125,0.8,
2026-09-30T11:10:55.561Z,95,HEMI,,LONG,0.8,0.8,0,0.006199,0.3420,54.45,0.0000125,0.8,
2026-09-30T11:10:55.561Z,96,MET,,SHORT,-0.8,0,-0.8,0.321663,-0.1992,47.59,0.0000125,0.8,
2026-09-30T11:10:55.561Z,97,AERO,,LONG,0.8,0.8,-0.8,0.81028,-0.3560,48.42,0.0000155132,0.8,
2026-09-30T11:10:55.561Z,98,XMR,,SHORT,-0.8,0,-0.8,540.01,-0.0483,46.90,0.0000125,0.8,
2026-09-30T11:10:55.561Z,99,CHIP,,LONG,0.8,0.8,0,0.044454,-0.0174,51.94,0.0000125,0.8,
2026-09-30T11:10:55.561Z,100,USELESS,,LONG,0.8,0.8,-0.8,0.2392,-0.2844,48.98,0.0000549831,0.8,
2026-09-30T11:10:55.561Z,101,xyz:XYZ100,xyz,SHORT,-0.8,0,-0.8,30275,-0.0070,42.20,0.00000625,0.8,
2026-09-30T11:10:55.561Z,102,xyz:GOLD,xyz,LONG,0.8,0.8,0,4180.1,0.1722,53.50,0.00000625,0.8,
2026-09-30T11:10:55.561Z,103,xyz:META,xyz,LONG,0.8,0.8,0,736.94,0.3651,55.47,0.00000625,0.8,
2026-09-30T11:10:55.561Z,104,xyz:GOOGL,xyz,LONG,0.8,0.8,0,343.66,0.1550,61.24,0.00000625,0.8,
2026-09-30T11:10:55.561Z,105,xyz:SKHX,xyz,SHORT,-0.8,0,-0.8,1313,0.0324,42.77,-0.0000744058,0.8,
2026-09-30T11:10:55.561Z,106,xyz:JPY,xyz,LONG,0.8,0.8,0,157.05,-0.0587,48.67,-0.0000090289,0.8,
2026-09-30T11:10:55.561Z,107,xyz:CRWV,xyz,SHORT,-0.8,0,-0.8,85.945,0.1239,49.16,0.00000625,0.8,
2026-09-30T11:10:55.561Z,108,xyz:EWY,xyz,SHORT,-0.8,0,-0.8,183.44,-0.1836,35.11,0.0000155716,0.8,
2026-09-30T11:10:55.561Z,109,xyz:HIMS,xyz,SHORT,-0.8,0,-0.8,28.621,-0.0598,44.14,0.00000625,0.8,
2026-09-30T11:10:55.561Z,110,xyz:DRAM,xyz,SHORT,-0.8,0,-0.8,60.469,-0.0644,39.39,0.0000165187,0.8,
2026-09-30T11:10:55.561Z,111,xyz:ARM,xyz,SHORT,-0.8,0,-0.8,291.13,0.0274,42.33,0.00000625,0.8,
2026-09-30T11:10:55.561Z,112,xyz:SPCX,xyz,LONG,0.8,0.8,0,149.17,0.3140,54.36,0.00000625,0.8,
2026-09-30T11:10:55.561Z,113,xyz:MINIMAX,xyz,LONG,0.8,0.8,0,32.036,0.5621,59.02,0.00000625,0.8,
2026-09-30T11:10:55.561Z,114,xyz:WDC,xyz,SHORT,-0.8,0,-0.8,450.87,-0.0527,42.33,0.0000172563,0.8,
2026-09-30T11:10:55.561Z,115,xyz:STRC,xyz,SHORT,-0.8,0,-0.8,98.849,-0.0899,43.69,-0.0000368729,0.8,
2026-09-30T11:10:55.561Z,116,xyz:AMAT,xyz,LONG,0.8,0.8,0,507.52,0.6605,54.32,0.0000040435,0.8,
2026-09-30T11:10:55.561Z,117,xyz:CXMT,xyz,LONG,0.8,0.8,0,8.3744,-0.0412,52.48,0.0000269109,0.8,
2026-09-30T11:10:55.561Z,118,xyz:IREN,xyz,SHORT,-0.8,0,-0.8,41.392,-0.2792,39.95,0.0000337991,0.8,
2026-09-30T11:10:55.561Z,119,xyz:MRNA,xyz,SHORT,-0.8,0,-0.8,191.35,-0.2873,30.16,0.0000076731,0.8,
2026-09-30T11:10:55.561Z,120,AVAX,,LONG,0,0,0,11.133,0.0645,46.03,0.0000125,0.8,
2026-09-30T11:10:55.561Z,121,BNB,,LONG,0,0,0,768.3,0.1593,59.46,0.0000125,1,
2026-09-30T11:10:55.561Z,122,INJ,,LONG,0,0,0,7.6189,0.2977,49.19,0.0000125,0.8,
2026-09-30T11:10:55.561Z,123,XRP,,LONG,0,0,0,1.5083,0.0587,53.35,0.0000125,1,
2026-09-30T11:10:55.561Z,124,BCH,,LONG,0,0,0,310.05,-0.0183,53.02,0.0000125,0.8,
2026-09-30T11:10:55.561Z,125,AAVE,,LONG,0,0,0,159.73,-0.1842,45.54,-0.0000086782,0.8,
2026-09-30T11:10:55.561Z,126,TRX,,LONG,0,0,0,0.33909,0.3138,75.65,0.0000125,0.8,RSI>70 überhitzt
2026-09-30T11:10:55.561Z,127,ADA,,LONG,0,0,0,0.24694,-0.0379,52.56,0.0000125,1.2,
2026-09-30T11:10:55.561Z,128,STRK,,LONG,0,0,0,0.04182,-0.0370,46.76,0.0000125,0.8,
2026-09-30T11:10:55.561Z,129,ENA,,LONG,0,0,0,0.25491,0.0849,53.52,0.0000125,0.8,
2026-09-30T11:10:55.561Z,130,RENDER,,LONG,0,0,0,1.9368,0.1012,50.53,0.0000125,0.8,
2026-09-30T11:10:55.561Z,131,HYPE,,LONG,0,0,0,86.702,-0.2863,51.08,0.0000125,0.8,
2026-09-30T11:10:55.561Z,132,VVV,,LONG,0,0,0,27.241,-0.3967,51.52,0.0000125,0.8,
2026-09-30T11:10:55.561Z,133,SYRUP,,LONG,0,0,0,0.2331,-0.1498,47.93,0.0000125,0.8,
2026-09-30T11:10:55.561Z,134,SKY,,LONG,0,0,0,0.081922,-0.0206,49.58,0.0000125,0.8,
2026-09-30T11:10:55.561Z,135,APEX,,LONG,0,0,0,0.27964,-0.3365,56.34,0.0002754255,0.8,
2026-09-30T11:10:55.561Z,136,ZEC,,LONG,0,0,0,1423.7,-0.4571,50.42,0.0000125,0.8,
2026-09-30T11:10:55.561Z,137,DASH,,LONG,0,0,0,61.573,-0.3103,52.64,0.0000125,0.8,
2026-09-30T11:10:55.561Z,138,xyz:NVDA,xyz,LONG,0,0,0,227.74,-0.0819,42.57,0.0000118514,0.8,
2026-09-30T11:10:55.561Z,139,xyz:COIN,xyz,LONG,0,0,0,191.92,-0.1316,55.58,0.00000625,0.8,
2026-09-30T11:10:55.561Z,140,xyz:MU,xyz,LONG,0,0,0,1066.2,0.0651,45.22,0.0000171057,0.8,
2026-09-30T11:10:55.561Z,141,xyz:MSTR,xyz,LONG,0,0,0,156.61,-0.1446,54.71,0.00000625,0.8,
2026-09-30T11:10:55.561Z,142,xyz:NFLX,xyz,LONG,0,0,0,69.971,0.0509,39.88,0.0000316368,0.8,
2026-09-30T11:10:55.561Z,143,xyz:LLY,xyz,LONG,0,0,0,1185.3,0.0395,47.69,0.0000201839,0.8,
2026-09-30T11:10:55.561Z,144,xyz:TSM,xyz,LONG,0,0,0,453.61,0.0729,45.41,0.00000625,0.8,
2026-09-30T11:10:55.561Z,145,xyz:EUR,xyz,LONG,0,0,0,1.136,0.0101,54.35,0.0000118456,0.8,
2026-09-30T11:10:55.561Z,146,xyz:CL,xyz,LONG,0,0,0,90.719,-0.4105,53.21,0.00000625,0.8,
2026-09-30T11:10:55.561Z,147,xyz:NATGAS,xyz,LONG,0,0,0,3.0382,-0.4229,46.13,0.00000625,0.8,
2026-09-30T11:10:55.561Z,148,xyz:PLATINUM,xyz,LONG,0,0,0,1715.7,0.1374,52.92,0.0000313444,0.8,
2026-09-30T11:10:55.561Z,149,xyz:BRENTOIL,xyz,LONG,0,0,0,97.587,-0.0791,57.98,-0.0000208136,0.8,
2026-09-30T11:10:55.561Z,150,xyz:MRVL,xyz,LONG,0,0,0,261.29,0.4301,50.24,0.00000625,0.8,
2026-09-30T11:10:55.561Z,151,xyz:AVGO,xyz,LONG,0,0,0,354.6,0.1587,47.42,0.0000112494,1,
2026-09-30T11:10:55.561Z,152,xyz:SMH,xyz,LONG,0,0,0,604.41,0.0317,44.26,-0.0000258763,1,
2026-09-30T11:10:55.561Z,153,xyz:SKHY,xyz,LONG,0,0,0,185.08,0.0722,43.58,-0.0000299171,0.8,
2026-09-30T11:10:55.561Z,154,xyz:UNITREE,xyz,LONG,0,0,0,67.833,-0.1979,48.54,0.00000625,0.8,
2026-09-30T11:10:55.561Z,155,xyz:SOXL,xyz,LONG,0,0,0,144.11,-0.0327,43.25,0.00000625,1,
2026-09-30T11:10:55.561Z,156,io:OAI,io,LONG,0,0,0,1656.6,0.0331,45.87,0.0000204283,0.8,
2026-09-30T12:31:35.874Z,1,PENGU,,LONG,4,4,0,0.010232,1.0464,60.26,0.0000125,1,
2026-09-30T12:31:35.874Z,2,LIT,,SHORT,-3.6,-0.4,-3.6,3.959,-3.2872,43.84,0.0000213521,0.8,
2026-09-30T12:31:35.874Z,3,CRV,,LONG,3,3,0,0.40691,1.5326,62.37,0.0000125,1,
2026-09-30T12:31:35.874Z,4,LDO,,LONG,3,3,0,0.49222,1.2381,66.94,0.0000125,1,
2026-09-30T12:31:35.874Z,5,NEAR,,LONG,3,3,0,5.3968,1.8486,69.31,0.0000211145,1,
2026-09-30T12:31:35.874Z,6,kBONK,,LONG,3,3,0,0.003925,2.1424,64.19,0.0000207636,1,
2026-09-30T12:31:35.874Z,7,WIF,,LONG,3,3,0,0.25624,1.7451,68.37,0.0000202203,1,
2026-09-30T12:31:35.874Z,8,TRUMP,,LONG,3,3,0,2.0879,0.5112,60.63,0.0000125,1,
2026-09-30T12:31:35.874Z,9,0G,,LONG,3,3,0,0.33784,2.3823,55.92,0.0000125,1,
2026-09-30T12:31:35.874Z,10,2Z,,SHORT,-3,0,-3,0.064093,-1.2110,42.38,0.0000125,1,
2026-09-30T12:31:35.874Z,11,AZTEC,,SHORT,-3,0,-3,0.017361,-1.4497,47.31,0.0000125,1,
2026-09-30T12:31:35.874Z,12,DOGE,,LONG,2.5,2.5,1.5,0.097096,0.3654,68.78,0.0000125,1,
2026-09-30T12:31:35.874Z,13,PURR,,LONG,2.5,2.5,1.5,0.14595,0.1923,63.50,0.0000125,1,
2026-09-30T12:31:35.874Z,14,BERA,,SHORT,-2.5,1.5,-2.5,0.24689,2.6051,56.09,0.0000125,1,
2026-09-30T12:31:35.874Z,15,ZRO,,LONG,2.4,2.4,-0.8,1.7866,2.6647,61.10,0.0000125,0.8,
2026-09-30T12:31:35.874Z,16,NIL,,LONG,2.4,2.4,0,0.098342,3.1811,75.55,0.0000125,1.2,RSI>70 überhitzt
2026-09-30T12:31:35.874Z,17,PUMP,,LONG,2.4,2.4,0,0.005795,1.6251,58.12,0.0000125,0.8,
2026-09-30T12:31:35.874Z,18,ASTER,,LONG,2.4,2.4,0,0.76563,1.5919,69.36,0.0000125,0.8,
2026-09-30T12:31:35.874Z,19,ICP,,LONG,2.4,2.4,0,3.4987,1.2163,59.93,0.0000125,0.8,
2026-09-30T12:31:35.874Z,20,PONS,,LONG,2.4,2.4,0,0.57091,1.4709,61.89,0.0000373069,0.8,
2026-09-30T12:31:35.874Z,21,xyz:TSLA,xyz,SHORT,-2.4,0,-2.4,352.34,-0.3747,41.04,0.0000280547,1.2,
2026-09-30T12:31:35.874Z,22,xyz:MU,xyz,LONG,2.4,2.4,0,1077.6,0.1386,60.40,0.0000237396,1.2,
2026-09-30T12:31:35.874Z,23,xyz:CRWV,xyz,LONG,2.4,2.4,0,87.07,0.2122,60.82,-0.0000045139,1.2,
2026-09-30T12:31:35.874Z,24,xyz:KIOXIA,xyz,SHORT,-2.4,0,-2.4,116.16,-3.0352,32.56,0.0000213919,0.8,
2026-09-30T12:31:35.874Z,25,xyz:ZHIPU,xyz,LONG,2.4,2.4,0,81.732,1.1012,62.01,-0.0000206247,0.8,
2026-09-30T12:31:35.874Z,26,ETH,,LONG,2,2,0,2720.4,0.0869,65.05,0.0000125,1,
2026-09-30T12:31:35.874Z,27,kPEPE,,LONG,2,2,0,0.004417,0.7248,66.45,0.0000125,1,
2026-09-30T12:31:35.874Z,28,WLD,,LONG,2,2,0,0.54109,1.6876,70.39,0.0000125,1,RSI>70 überhitzt
2026-09-30T12:31:35.874Z,29,DOT,,LONG,2,2,0,1.2394,0.8589,62.10,0.0000125,1,
2026-09-30T12:31:35.874Z,30,W,,SHORT,-2,0,-2,0.01356,-0.8065,45.62,0.0000125,1,
2026-09-30T12:31:35.874Z,31,ETHFI,,LONG,2,2,0,0.77722,0.7717,59.03,0.0000125,1,
2026-09-30T12:31:35.874Z,32,FARTCOIN,,LONG,2,2,0,0.18126,0.6777,57.43,0.0000125,1,
2026-09-30T12:31:35.874Z,33,xyz:LITE,xyz,LONG,2,2,0,987.08,0.8483,65.98,0.00000625,1,
2026-09-30T12:31:35.874Z,34,xyz:MRVL,xyz,LONG,2,2,0,264.83,0.5220,63.86,0.00000625,1,
2026-09-30T12:31:35.874Z,35,xyz:CBRS,xyz,SHORT,-2,0,-2,185.88,-1.8119,29.38,0.00000625,1,"RSI<30 überverkauft, Bounce-Risiko"
2026-09-30T12:31:35.874Z,36,xyz:NBIS,xyz,LONG,2,2,0,244.18,0.6731,65.08,0.00000625,1,
2026-09-30T12:31:35.874Z,37,xyz:AMAT,xyz,LONG,2,2,0,514.98,0.7292,67.36,0.00000625,1,
2026-09-30T12:31:35.874Z,38,PENDLE,,LONG,1.8,1.8,1.8,2.3853,-0.1904,59.88,0.0000125,1.2,
2026-09-30T12:31:35.874Z,39,xyz:ORCL,xyz,LONG,-1.8,-1.8,-1.8,136.29,0.3088,43.27,0.000024301,1.2,
2026-09-30T12:31:35.874Z,40,SPX,,LONG,1.6,1.6,0,0.43315,0.7948,65.43,0.0000125,0.8,
2026-09-30T12:31:35.874Z,41,xyz:NVDA,xyz,LONG,1.6,1.6,0,228.85,-0.0465,53.04,0.0000186343,0.8,
2026-09-30T12:31:35.874Z,42,xyz:JPY,xyz,SHORT,-1.6,0.8,-1.6,156.67,-0.0728,37.86,-0.0000096143,0.8,
2026-09-30T12:31:35.874Z,43,LTC,,LONG,1.5,1.5,1.5,67.655,-0.3684,51.77,0.0000125,1,
2026-09-30T12:31:35.874Z,44,TAO,,LONG,1.5,1.5,1.5,310.23,-0.1099,58.09,0.0000125,1,
2026-09-30T12:31:35.874Z,45,XPL,,LONG,1.5,1.5,1.5,0.098977,-0.3173,55.63,0.0000125,1,
2026-09-30T12:31:35.874Z,46,xyz:AAPL,xyz,LONG,1.5,1.5,1.5,330.98,-0.3724,45.09,0.00000625,1,
2026-09-30T12:31:35.874Z,47,xyz:CRCL,xyz,LONG,1.5,1.5,1.5,85.008,-0.2763,55.63,0.0000327547,1,
2026-09-30T12:31:35.874Z,48,APT,,LONG,1.2,1.2,1.2,0.8097,-0.4453,54.00,0.0000125,0.8,
2026-09-30T12:31:35.874Z,49,AAVE,,LONG,1.2,1.2,0,165.45,0.1420,59.34,0.0000125,1.2,
2026-09-30T12:31:35.874Z,50,UNI,,LONG,1.2,1.2,0,9.0121,-0.0786,58.94,0.0000125,1.2,
2026-09-30T12:31:35.874Z,51,GRASS,,LONG,1.2,1.2,-1.2,0.73441,1.6335,58.37,0.0000174253,0.8,
2026-09-30T12:31:35.874Z,52,CC,,LONG,1.2,1.2,0.4,0.12685,-0.8353,50.64,0.0000125,0.8,
2026-09-30T12:31:35.874Z,53,GRAM,,LONG,1.2,1.2,0.4,1.5187,-0.8207,51.61,0.0000125,0.8,
2026-09-30T12:31:35.874Z,54,xyz:PLTR,xyz,LONG,1.2,1.2,-1.2,187.99,-0.0128,58.02,0.00000625,1.2,
2026-09-30T12:31:35.874Z,55,xyz:AMD,xyz,LONG,1.2,1.2,-1.2,609.13,-0.1857,50.15,0.00000625,1.2,
2026-09-30T12:31:35.874Z,56,xyz:BABA,xyz,LONG,1.2,1.2,1.2,109.01,0.0604,57.90,0.0000201387,0.8,
2026-09-30T12:31:35.874Z,57,xyz:NATGAS,xyz,SHORT,-1.2,0,-1.2,3.018,-0.4539,38.15,0.00000625,1.2,
2026-09-30T12:31:35.874Z,58,xyz:GME,xyz,SHORT,-1.2,-0.4,-1.2,24.21,0.3204,60.49,0.00000625,0.8,
2026-09-30T12:31:35.874Z,59,xyz:PURRDAT,xyz,LONG,-1.2,-1.2,0,12.117,-0.3641,55.02,0.0000936902,1.2,Funding-Crowding gegen Long
2026-09-30T12:31:35.874Z,60,xyz:RKLB,xyz,LONG,1.2,1.2,1.2,71.19,-0.2523,59.56,0.0000212386,0.8,
2026-09-30T12:31:35.874Z,61,xyz:BMNR,xyz,LONG,-1.2,-1.2,0,27.329,-0.0020,65.28,0.00007114,1.2,Funding-Crowding gegen Long
2026-09-30T12:31:35.874Z,62,mkts:USTECH,mkts,LONG,1.2,1.2,0,741.11,0.0391,60.77,0.0000040984,1.2,
2026-09-30T12:31:35.874Z,63,BTC,,LONG,1,1,0,84427,0.0903,64.71,0.000008507,1,
2026-09-30T12:31:35.874Z,64,SOL,,LONG,1,1,0,120.95,0.1417,61.89,0.0000065202,1,
2026-09-30T12:31:35.874Z,65,INJ,,LONG,1,1,0,7.6849,0.3280,54.48,0.0000125,1,
2026-09-30T12:31:35.874Z,66,LINK,,LONG,1,1,-1,14.577,-0.7332,50.78,0.0000125,1,
2026-09-30T12:31:35.874Z,67,XRP,,LONG,1,1,0,1.5317,0.2441,63.72,0.0000125,1,
2026-09-30T12:31:35.874Z,68,FET,,LONG,1,1,-1,0.22637,-0.5551,56.15,0.0000125,1,
2026-09-30T12:31:35.874Z,69,HBAR,,SHORT,-1,0,-1,0.10902,-0.8759,54.91,0.0000125,1,
2026-09-30T12:31:35.874Z,70,EIGEN,,LONG,1,1,-1,0.2519,-0.6173,48.87,0.0000125,1,
2026-09-30T12:31:35.874Z,71,ALGO,,LONG,1,1,-1,0.12649,-0.8559,49.50,0.0000125,1,
2026-09-30T12:31:35.874Z,72,PAXG,,LONG,1,1,0,4217,0.2269,69.05,0.0000125,1,
2026-09-30T12:31:35.874Z,73,XMR,,LONG,1,1,0,543.44,0.0186,52.80,0.0000125,1,
2026-09-30T12:31:35.874Z,74,xyz:XYZ100,xyz,LONG,1,1,0,30483,0.0432,60.47,0.00000625,1,
2026-09-30T12:31:35.874Z,75,xyz:GOLD,xyz,LONG,1,1,0,4210.2,0.2295,69.83,0.00000625,1,
2026-09-30T12:31:35.874Z,76,xyz:HOOD,xyz,LONG,1,1,0,121.73,0.7620,70.65,0.0000133804,1,RSI>70 überhitzt
2026-09-30T12:31:35.874Z,77,xyz:MSFT,xyz,LONG,1,1,0,510.1,-0.0171,53.93,0.00000625,1,
2026-09-30T12:31:35.874Z,78,xyz:AMZN,xyz,LONG,1,1,-1,247.52,0.0071,55.34,0.000014454,1,
2026-09-30T12:31:35.874Z,79,xyz:NFLX,xyz,SHORT,-1,0,-1,70.096,0.0075,42.82,0.0000233154,1,
2026-09-30T12:31:35.874Z,80,xyz:SKHX,xyz,LONG,1,1,0,1318.3,0.0892,55.60,-0.0000107681,1,
2026-09-30T12:31:35.874Z,81,xyz:TSM,xyz,LONG,1,1,0,456.72,0.1089,57.42,0.00000625,1,
2026-09-30T12:31:35.874Z,82,xyz:SMSN,xyz,SHORT,-1,0,-1,197.54,-0.5181,42.65,-0.0001018221,1,Funding-Crowding gegen Short (bereits überfüllt)
2026-09-30T12:31:35.874Z,83,xyz:JP225,xyz,LONG,1,1,0,67384,0.5377,71.39,0.00000625,1,RSI>70 überhitzt
2026-09-30T12:31:35.874Z,84,xyz:SPCX,xyz,LONG,1,1,0,149.6,0.3195,60.88,0.00000625,1,
2026-09-30T12:31:35.874Z,85,xyz:MRNA,xyz,SHORT,-1,0,-1,188.43,-0.7486,26.58,0.00000625,1,"RSI<30 überverkauft, Bounce-Risiko"
2026-09-30T12:31:35.874Z,86,AVAX,,LONG,0.8,0.8,0,11.268,0.1155,53.38,0.0000125,0.8,
2026-09-30T12:31:35.874Z,87,ARB,,LONG,0.8,0.8,0,0.20686,-0.1795,56.99,0.0000125,0.8,
2026-09-30T12:31:35.874Z,88,STRK,,LONG,0.8,0.8,0,0.0427,0.1187,55.59,0.0000125,0.8,
2026-09-30T12:31:35.874Z,89,XLM,,LONG,0.8,0.8,0,0.23045,0.3560,62.89,0.0000125,0.8,
2026-09-30T12:31:35.874Z,90,MORPHO,,LONG,0.8,0.8,0,2.5974,0.7695,59.70,0.0000125,0.8,
2026-09-30T12:31:35.874Z,91,SYRUP,,LONG,0.8,0.8,0,0.23654,-0.0380,53.97,0.0000125,0.8,
2026-09-30T12:31:35.874Z,92,SKY,,LONG,0.8,0.8,0,0.082847,0.0673,54.33,0.0000125,0.8,
2026-09-30T12:31:35.874Z,93,HEMI,,LONG,0.8,0.8,0,0.006251,0.4221,58.42,0.0000125,0.8,
2026-09-30T12:31:35.874Z,94,MET,,LONG,0.8,0.8,0,0.32708,-0.0869,52.75,0.0000125,0.8,
2026-09-30T12:31:35.874Z,95,AERO,,LONG,0.8,0.8,0,0.82219,-0.1936,56.16,0.0000212662,0.8,
2026-09-30T12:31:35.874Z,96,CASHCAT,,LONG,0.8,0.8,0,0.17723,-0.3797,52.30,0.0000125,0.8,
2026-09-30T12:31:35.874Z,97,xyz:LLY,xyz,LONG,0.8,0.8,0,1187,0.0450,52.09,0.0000098805,0.8,
2026-09-30T12:31:35.874Z,98,xyz:HIMS,xyz,SHORT,-0.8,0,-0.8,28.76,-0.0672,49.29,-0.0000018594,0.8,
2026-09-30T12:31:35.874Z,99,xyz:MINIMAX,xyz,LONG,0.8,0.8,0,31.987,0.5531,57.03,-0.0000440345,0.8,
2026-09-30T12:31:35.874Z,100,BNB,,LONG,0,0,0,772.95,0.2649,65.42,0.0000125,1,
2026-09-30T12:31:35.874Z,101,SUI,,LONG,0,0,0,1.1659,0.0727,54.06,0.0000125,1.2,
2026-09-30T12:31:35.874Z,102,BCH,,LONG,0,0,0,313.02,0.1120,60.45,0.0000125,1,
2026-09-30T12:31:35.874Z,103,TRX,,LONG,0,0,0,0.34021,0.3835,76.27,0.0000125,1,RSI>70 überhitzt
2026-09-30T12:31:35.874Z,104,SEI,,LONG,0,0,0,0.07479,-0.1935,53.43,0.0000125,1.2,
2026-09-30T12:31:35.874Z,105,ADA,,LONG,0,0,0,0.2507,0.1723,61.21,0.0000125,1,
2026-09-30T12:31:35.874Z,106,FIL,,LONG,0,0,0,1.0818,0.1706,56.17,0.0000125,1,
2026-09-30T12:31:35.874Z,107,JUP,,LONG,0,0,0,0.33892,0.2489,61.19,0.0000125,1,
2026-09-30T12:31:35.874Z,108,JTO,,LONG,0,0,0,0.56199,-0.0921,53.09,0.0000125,0.8,
2026-09-30T12:31:35.874Z,109,ONDO,,LONG,0,0,0,0.51253,-0.4383,55.19,0.0000125,1,
2026-09-30T12:31:35.874Z,110,AR,,LONG,0,0,0,4.2804,-0.1219,52.75,0.0000125,0.8,
2026-09-30T12:31:35.874Z,111,ENA,,LONG,0,0,0,0.25912,0.3310,60.18,0.0000125,1,
2026-09-30T12:31:35.874Z,112,RENDER,,LONG,0,0,0,1.9565,0.2428,55.73,0.0000125,1.2,
2026-09-30T12:31:35.874Z,113,POL,,LONG,0,0,0,0.11773,-0.2275,54.38,0.0000125,1,
2026-09-30T12:31:35.874Z,114,HYPE,,LONG,0,0,0,86.948,-0.2165,52.97,0.0000125,1,
2026-09-30T12:31:35.874Z,115,VIRTUAL,,LONG,0,0,0,0.80162,-0.3676,54.98,0.0000125,0.8,
2026-09-30T12:31:35.874Z,116,VVV,,LONG,0,0,0,27.654,-0.2201,57.49,0.0000340534,1,
2026-09-30T12:31:35.874Z,117,ZEC,,LONG,0,0,0,1456.5,-0.1927,58.28,0.0000125,1,
2026-09-30T12:31:35.874Z,118,MON,,LONG,0,0,0,0.027733,-0.3314,54.23,0.0000125,0.8,
2026-09-30T12:31:35.874Z,119,DASH,,LONG,0,0,0,62.334,-0.1168,57.35,0.0000125,1,
2026-09-30T12:31:35.874Z,120,CHIP,,LONG,0,0,0,0.045267,0.2463,58.93,0.0000125,1,
2026-09-30T12:31:35.874Z,121,USELESS,,LONG,0,0,0,0.2443,-0.0603,55.76,0.0000711136,1,Funding-Crowding gegen Long
2026-09-30T12:31:35.874Z,122,xyz:INTC,xyz,LONG,0,0,0,116.72,-0.0837,53.78,0.0000110848,1,
2026-09-30T12:31:35.874Z,123,xyz:COIN,xyz,LONG,0,0,0,194.6,0.0652,66.23,0.0000145982,1,
2026-09-30T12:31:35.874Z,124,xyz:META,xyz,LONG,0,0,0,733.27,0.2720,50.49,0.00000625,0.8,
2026-09-30T12:31:35.874Z,125,xyz:GOOGL,xyz,LONG,0,0,0,346,0.2447,71.65,0.000007006,1,RSI>70 überhitzt
2026-09-30T12:31:35.874Z,126,xyz:SNDK,xyz,LONG,0,0,0,1741,0.1486,61.44,0.0000126232,1.2,
2026-09-30T12:31:35.874Z,127,xyz:MSTR,xyz,LONG,0,0,0,158.7,0.0666,63.93,0.00000625,1.2,
2026-09-30T12:31:35.874Z,128,xyz:EUR,xyz,LONG,0,0,0,1.138,0.0250,62.71,0.0000099256,1,
2026-09-30T12:31:35.874Z,129,xyz:SILVER,xyz,LONG,0,0,0,61.407,-0.0532,57.50,0.00000625,1,
2026-09-30T12:31:35.874Z,130,xyz:CL,xyz,LONG,0,0,0,90.336,-0.3668,48.13,0.0000012984,0.8,
2026-09-30T12:31:35.874Z,131,xyz:COPPER,xyz,LONG,0,0,0,6.6472,-0.0018,53.30,0.0000207996,0.8,
2026-09-30T12:31:35.874Z,132,xyz:PLATINUM,xyz,LONG,0,0,0,1722.5,0.1488,56.87,0.00000625,1,
2026-09-30T12:31:35.874Z,133,xyz:EWY,xyz,LONG,0,0,0,185.45,-0.1187,52.47,0.00000625,1.2,
2026-09-30T12:31:35.874Z,134,xyz:BRENTOIL,xyz,LONG,0,0,0,97.516,-0.0154,56.55,-0.0000172571,0.8,
2026-09-30T12:31:35.874Z,135,xyz:DRAM,xyz,LONG,0,0,0,61.215,0.0093,56.53,0.0000203777,1,
2026-09-30T12:31:35.874Z,136,xyz:ARM,xyz,LONG,0,0,0,294.13,0.0687,52.07,0.00000625,1.2,
2026-09-30T12:31:35.874Z,137,xyz:KORU,xyz,LONG,0,0,0,20.9,-0.4157,51.81,0.00000625,1.2,
2026-09-30T12:31:35.874Z,138,xyz:UNITREE,xyz,LONG,0,0,0,67.967,-0.1457,52.72,0.0000189571,0.8,
2026-09-30T12:31:35.874Z,139,mkts:USBOND,mkts,LONG,0,0,0,78.6,0.0309,51.98,0.0000057078,0.8,
2026-09-30T12:31:35.874Z,140,io:OAI,io,LONG,0,0,0,1660.1,0.0431,48.48,0.0000144502,0.8,
2026-09-30T13:24:59.080Z,1,LDO,,LONG,3.6,3.6,0,0.47981,1.0846,57.28,0.0000125,1.2,
2026-09-30T13:24:59.080Z,2,ZRO,,LONG,3,3,0,1.8199,2.7141,64.76,0.0000125,1,
2026-09-30T13:24:59.080Z,3,DOT,,LONG,3,3,0,1.2544,1.0765,65.67,0.0000125,1,
2026-09-30T13:24:59.080Z,4,PENGU,,LONG,3,3,0,0.010472,1.3883,64.61,0.0000125,1,
2026-09-30T13:24:59.080Z,5,NIL,,LONG,3,3,0,0.093112,3.2617,64.69,0.0000125,1,
2026-09-30T13:24:59.080Z,6,PUMP,,LONG,3,3,0,0.005714,1.4389,53.99,0.0000282218,1,
2026-09-30T13:24:59.080Z,7,xyz:CBRS,xyz,SHORT,-3,0,-3,186,-1.9082,30.30,-2.509e-7,1,
2026-09-30T13:24:59.080Z,8,LIT,,SHORT,-2.8,-0.4,-2.8,4.015,-2.8879,47.22,0.0000125,0.8,
2026-09-30T13:24:59.080Z,9,PURR,,LONG,2.5,2.5,1.5,0.14667,0.4705,64.21,0.0000125,1,
2026-09-30T13:24:59.080Z,10,CRV,,LONG,2.4,2.4,0,0.39691,1.2824,53.99,0.0000154459,0.8,
2026-09-30T13:24:59.080Z,11,WLD,,LONG,2.4,2.4,0,0.5659,2.4495,79.39,0.0000198009,1.2,RSI>70 überhitzt
2026-09-30T13:24:59.080Z,12,NEAR,,LONG,2.4,2.4,0,5.3959,2.0326,68.99,0.0000125,0.8,
2026-09-30T13:24:59.080Z,13,WIF,,LONG,2.4,2.4,0,0.25769,1.9194,68.77,0.0000125,0.8,
2026-09-30T13:24:59.080Z,14,RENDER,,LONG,2.4,2.4,0,1.9938,0.5244,64.04,0.0000125,1.2,
2026-09-30T13:24:59.080Z,15,POL,,LONG,2.4,2.4,0,0.12023,0.0886,63.10,0.0000125,1.2,
2026-09-30T13:24:59.080Z,16,FARTCOIN,,LONG,2.4,2.4,0,0.18303,0.8182,60.53,0.0000125,0.8,
2026-09-30T13:24:59.080Z,17,2Z,,SHORT,-2.4,0,-2.4,0.064605,-1.0947,45.95,0.0000125,0.8,
2026-09-30T13:24:59.080Z,18,ICP,,LONG,2.4,2.4,0,3.5003,1.3023,59.10,0.0000125,0.8,
2026-09-30T13:24:59.080Z,19,xyz:AVGO,xyz,LONG,2.4,2.4,0,358.46,0.2575,63.92,0.00000625,1.2,
2026-09-30T13:24:59.080Z,20,xyz:WDC,xyz,LONG,2.4,2.4,0,456.07,0.0552,56.49,0.000041382,1.2,
2026-09-30T13:24:59.080Z,21,xyz:ZHIPU,xyz,LONG,2.4,2.4,0,81.532,1.0625,59.08,-0.0000104516,0.8,
2026-09-30T13:24:59.080Z,22,DOGE,,LONG,2,2,1.2,0.097616,0.5850,70.36,0.0000125,0.8,RSI>70 überhitzt
2026-09-30T13:24:59.080Z,23,ETHFI,,LONG,2,2,0,0.78862,0.9491,63.12,0.0000125,1,
2026-09-30T13:24:59.080Z,24,SPX,,LONG,2,2,0,0.44838,1.3150,75.41,0.0000125,1,RSI>70 überhitzt
2026-09-30T13:24:59.080Z,25,TRUMP,,LONG,2,2,0,2.1157,0.7317,65.73,0.0000125,1,
2026-09-30T13:24:59.080Z,26,BERA,,SHORT,-2,1.2,-2,0.2494,2.4619,57.73,0.0000125,0.8,
2026-09-30T13:24:59.080Z,27,0G,,LONG,2,2,0,0.33018,1.9393,50.89,0.0000125,1,
2026-09-30T13:24:59.080Z,28,PONS,,LONG,2,2,0,0.56505,1.5423,58.73,0.000070151,1,Funding-Crowding gegen Long
2026-09-30T13:24:59.080Z,29,xyz:XYZ100,xyz,LONG,2,2,0,30441,0.0533,58.47,0.00000625,1,
2026-09-30T13:24:59.080Z,30,xyz:TSLA,xyz,SHORT,-2,1,-2,353.53,-0.3584,44.94,0.0000218252,1,
2026-09-30T13:24:59.080Z,31,xyz:MU,xyz,LONG,2,2,0,1080.3,0.2161,64.37,0.0000309362,1,
2026-09-30T13:24:59.080Z,32,xyz:SOXL,xyz,LONG,2,2,0,148.8,0.3066,59.17,0.00000625,1,
2026-09-30T13:24:59.080Z,33,xyz:MRNA,xyz,SHORT,-2,0,-2,186.47,-1.2507,23.01,0.00000625,1,"RSI<30 überverkauft, Bounce-Risiko"
2026-09-30T13:24:59.080Z,34,io:NBIS,io,LONG,2,2,0,243.9,0.7081,64.45,0.0000215035,1,
2026-09-30T13:24:59.080Z,35,xyz:BE,xyz,LONG,1.8,1.8,-1.8,298.04,1.2769,68.67,0.0000212393,1.2,
2026-09-30T13:24:59.080Z,36,kBONK,,LONG,1.6,1.6,0,0.003983,2.3697,65.76,0.0000549512,0.8,Funding-Crowding gegen Long
2026-09-30T13:24:59.080Z,37,STRK,,LONG,1.6,1.6,0,0.04295,0.2831,57.33,0.0000125,0.8,
2026-09-30T13:24:59.080Z,38,MORPHO,,LONG,1.6,1.6,0,2.6341,0.9598,63.26,0.0000125,0.8,
2026-09-30T13:24:59.080Z,39,SYRUP,,LONG,1.6,1.6,0,0.24002,0.1861,57.35,0.0000125,0.8,
2026-09-30T13:24:59.080Z,40,ASTER,,LONG,1.6,1.6,0,0.77647,1.6992,73.94,0.0000125,0.8,RSI>70 überhitzt
2026-09-30T13:24:59.080Z,41,XMR,,LONG,1.6,1.6,0,547.154,0.1167,57.94,0.0000125,0.8,
2026-09-30T13:24:59.080Z,42,AZTEC,,SHORT,-1.6,0,-1.6,0.017497,-1.1622,49.29,0.0000125,0.8,
2026-09-30T13:24:59.080Z,43,xyz:NVDA,xyz,LONG,1.6,1.6,0,229.3,-0.0016,58.95,0.0000157105,0.8,
2026-09-30T13:24:59.080Z,44,xyz:JP225,xyz,LONG,1.6,1.6,0,67299,0.5446,66.67,0.00000625,0.8,
2026-09-30T13:24:59.080Z,45,xyz:MRVL,xyz,LONG,1.6,1.6,0,265.15,0.5493,63.98,0.00000625,0.8,
2026-09-30T13:24:59.080Z,46,LTC,,LONG,1.5,1.5,1.5,67.968,-0.2142,53.83,0.0000125,1,
2026-09-30T13:24:59.080Z,47,APT,,LONG,1.5,1.5,1.5,0.8193,-0.1640,58.19,0.0000125,1,
2026-09-30T13:24:59.080Z,48,PENDLE,,LONG,1.5,1.5,1.5,2.405243,0.0607,63.51,0.0000125,1,
2026-09-30T13:24:59.080Z,49,TAO,,LONG,1.5,1.5,1.5,313.62,0.1746,62.08,0.0000125,1,
2026-09-30T13:24:59.080Z,50,CC,,LONG,1.5,1.5,1.5,0.12971,-0.4254,59.21,0.0000125,1,
2026-09-30T13:24:59.080Z,51,GRAM,,LONG,1.5,1.5,0.5,1.529,-0.5279,53.42,0.0000125,1,
2026-09-30T13:24:59.080Z,52,xyz:CRCL,xyz,LONG,1.5,1.5,1.5,85.825,-0.0475,61.77,0.0000357137,1,
2026-09-30T13:24:59.080Z,53,xyz:RKLB,xyz,LONG,1.5,1.5,1.5,71.152,-0.1683,57.65,0.0000239795,1,
2026-09-30T13:24:59.080Z,54,xyz:BB,xyz,SHORT,-1.5,-0.5,-1.5,8.8063,0.1935,61.43,0.0000253599,1,
2026-09-30T13:24:59.080Z,55,AAVE,,LONG,1.2,1.2,0,164.78,0.2073,57.94,0.0000125,1.2,
2026-09-30T13:24:59.080Z,56,GRASS,,SHORT,-1.2,0.4,-1.2,0.73988,1.7753,59.42,0.0000568665,0.8,Funding-Crowding gegen Long
2026-09-30T13:24:59.080Z,57,XPL,,LONG,1.2,1.2,1.2,0.099503,-0.1121,57.17,0.0000125,0.8,
2026-09-30T13:24:59.080Z,58,xyz:GOLD,xyz,LONG,1.2,1.2,0,4193.7,0.2158,58.21,0.00000625,1.2,
2026-09-30T13:24:59.080Z,59,xyz:AAPL,xyz,LONG,1.2,1.2,0.4,330.16,-0.3560,37.92,0.00000625,0.8,
2026-09-30T13:24:59.080Z,60,xyz:ORCL,xyz,LONG,-1.2,-1.2,-1.2,136.96,0.2710,46.71,0.000024903,0.8,
2026-09-30T13:24:59.080Z,61,xyz:GME,xyz,SHORT,-1.2,0.4,-1.2,24.381,0.4399,68.16,0.00000625,0.8,
2026-09-30T13:24:59.080Z,62,xyz:ARM,xyz,LONG,1.2,1.2,0,297.01,0.1818,59.82,0.0000124842,1.2,
2026-09-30T13:24:59.080Z,63,ETH,,LONG,1,1,0,2726.1,0.2126,64.45,0.0000125,1,
2026-09-30T13:24:59.080Z,64,SOL,,LONG,1,1,0,122.24,0.3673,66.84,0.0000125,1,
2026-09-30T13:24:59.080Z,65,BNB,,LONG,1,1,0,775.55,0.3873,66.91,0.0000125,1,
2026-09-30T13:24:59.080Z,66,INJ,,LONG,1,1,0,7.702,0.3207,54.82,0.0000125,1,
2026-09-30T13:24:59.080Z,67,kPEPE,,LONG,1,1,0,0.00449,0.9712,71.30,0.0000125,1,RSI>70 überhitzt
2026-09-30T13:24:59.080Z,68,LINK,,LONG,1,1,-1,14.661,-0.5019,53.44,0.0000125,1,
2026-09-30T13:24:59.080Z,69,XRP,,LONG,1,1,0,1.5378,0.3911,65.36,0.0000125,1,
2026-09-30T13:24:59.080Z,70,ENA,,LONG,1,1,0,0.26947,0.8788,70.31,0.0000339254,1,RSI>70 überhitzt
2026-09-30T13:24:59.080Z,71,XLM,,LONG,1,1,0,0.22929,0.4524,58.80,0.0000125,1,
2026-09-30T13:24:59.080Z,72,ALGO,,SHORT,-1,0,-1,0.12704,-0.6022,52.49,0.0000125,1,
2026-09-30T13:24:59.080Z,73,PAXG,,LONG,1,1,0,4201.8,0.2134,58.15,0.0000125,1,
2026-09-30T13:24:59.080Z,74,MET,,LONG,1,1,0,0.33169,0.1910,56.91,0.0000125,1,
2026-09-30T13:24:59.080Z,75,CHIP,,LONG,1,1,0,0.046285,0.6619,65.82,0.0000125,1,
2026-09-30T13:24:59.080Z,76,xyz:PLTR,xyz,LONG,1,1,0,187.21,0.0056,52.99,0.00000625,1,
2026-09-30T13:24:59.080Z,77,xyz:AMD,xyz,LONG,1,1,-1,609.94,-0.1220,53.34,0.0000130285,1,
2026-09-30T13:24:59.080Z,78,xyz:NFLX,xyz,SHORT,-1,0,-1,69.963,-0.0386,40.15,0.0000318682,1,
2026-09-30T13:24:59.080Z,79,xyz:SILVER,xyz,SHORT,-1,0,-1,60.953,-0.0974,47.24,0.000010133,1,
2026-09-30T13:24:59.080Z,80,xyz:PLATINUM,xyz,SHORT,-1,0,-1,1710.7,0.0891,48.45,0.000031762,1,
2026-09-30T13:24:59.080Z,81,xyz:SPCX,xyz,LONG,1,1,0,149.55,0.3213,64.04,0.00000625,1,
2026-09-30T13:24:59.080Z,82,AVAX,,LONG,0.8,0.8,0,11.286,0.1845,53.45,0.0000125,0.8,
2026-09-30T13:24:59.080Z,83,ADA,,LONG,0.8,0.8,0,0.25477,0.4879,67.05,0.0000125,0.8,
2026-09-30T13:24:59.080Z,84,FET,,LONG,0.8,0.8,0,0.22964,-0.1869,60.48,0.0000170464,0.8,
2026-09-30T13:24:59.080Z,85,W,,SHORT,-0.8,0,-0.8,0.01378,-0.5198,52.14,0.0000125,0.8,
2026-09-30T13:24:59.080Z,86,HBAR,,SHORT,-0.8,0,-0.8,0.10852,-0.6852,52.95,0.0000125,0.8,
2026-09-30T13:24:59.080Z,87,SKY,,LONG,0.8,0.8,0,0.082371,0.0239,51.53,0.0000125,0.8,
2026-09-30T13:24:59.080Z,88,HEMI,,LONG,0.8,0.8,0,0.006292,0.5606,61.44,0.0000533303,0.8,Funding-Crowding gegen Long
2026-09-30T13:24:59.080Z,89,xyz:HOOD,xyz,LONG,0.8,0.8,0,122.02,0.9402,72.81,0.000015738,0.8,RSI>70 überhitzt
2026-09-30T13:24:59.080Z,90,xyz:MSFT,xyz,LONG,0.8,0.8,-0.8,509.22,-0.0220,48.61,0.00000625,0.8,
2026-09-30T13:24:59.080Z,91,xyz:GOOGL,xyz,LONG,0.8,0.8,0,344.78,0.2490,62.83,0.0000117943,0.8,
2026-09-30T13:24:59.080Z,92,xyz:TSM,xyz,LONG,0.8,0.8,0,456.02,0.1170,54.52,0.00000625,0.8,
2026-09-30T13:24:59.080Z,93,xyz:SMSN,xyz,LONG,-0.8,-0.8,-0.8,198.4,-0.4832,43.64,0.0001088918,0.8,Funding-Crowding gegen Long
2026-09-30T13:24:59.080Z,94,xyz:SP500,xyz,LONG,0.8,0.8,0,7695.3,0.0221,57.02,0.00000625,0.8,
2026-09-30T13:24:59.080Z,95,BTC,,LONG,0,0,0,85304,0.3026,72.22,0.0000125,1.2,RSI>70 überhitzt
2026-09-30T13:24:59.080Z,96,ARB,,LONG,0,0,0,0.20954,0.0890,61.04,0.0000125,1.2,
2026-09-30T13:24:59.080Z,97,SUI,,LONG,0,0,0,1.2021,0.4864,65.59,0.0000125,1.2,
2026-09-30T13:24:59.080Z,98,BCH,,LONG,0,0,0,315.26,0.2820,64.21,0.0000125,1.2,
2026-09-30T13:24:59.080Z,99,TRX,,LONG,0,0,0,0.340288,0.4089,76.76,0.0000125,0.8,RSI>70 überhitzt
2026-09-30T13:24:59.080Z,100,UNI,,LONG,0,0,0,9.0734,0.2168,58.12,0.0000125,1.2,
2026-09-30T13:24:59.080Z,101,SEI,,LONG,0,0,0,0.07468,-0.0915,52.12,0.0000125,1,
2026-09-30T13:24:59.080Z,102,FIL,,LONG,0,0,0,1.0856,0.2949,57.93,0.0000125,1.2,
2026-09-30T13:24:59.080Z,103,JUP,,LONG,0,0,0,0.33896,0.4006,60.78,0.0000125,1,
2026-09-30T13:24:59.080Z,104,JTO,,LONG,0,0,0,0.56811,0.1562,56.21,0.0000125,0.8,
2026-09-30T13:24:59.080Z,105,ONDO,,LONG,0,0,0,0.52006,-0.0889,60.13,0.0000125,1,
2026-09-30T13:24:59.080Z,106,AR,,LONG,0,0,0,4.4317,0.3378,65.34,0.0000125,1,
2026-09-30T13:24:59.080Z,107,EIGEN,,LONG,0,0,0,0.2554,-0.3590,53.81,0.0000125,1,
2026-09-30T13:24:59.080Z,108,HYPE,,LONG,0,0,0,87.525,-0.0818,57.12,-0.0000080797,1,
2026-09-30T13:24:59.080Z,109,VIRTUAL,,LONG,0,0,0,0.82006,0.1248,62.25,0.0000125,0.8,
2026-09-30T13:24:59.080Z,110,VVV,,LONG,0,0,0,28.166,0.1720,62.60,0.0000125,1,
2026-09-30T13:24:59.080Z,111,ZEC,,LONG,0,0,0,1475.2,0.1513,62.66,0.0000125,1,
2026-09-30T13:24:59.080Z,112,MON,,LONG,0,0,0,0.028371,0.1422,59.65,0.0000125,0.8,
2026-09-30T13:24:59.080Z,113,AERO,,LONG,0,0,0,0.83504,0.1341,61.16,0.0000125,0.8,
2026-09-30T13:24:59.080Z,114,DASH,,LONG,0,0,0,62.892,0.1331,61.63,0.0000125,1,
2026-09-30T13:24:59.080Z,115,CASHCAT,,LONG,0,0,0,0.17724,-0.1555,51.76,0.0000125,0.8,
2026-09-30T13:24:59.080Z,116,USELESS,,LONG,0,0,0,0.25646,0.7600,64.80,0.0001439569,1.2,Funding-Crowding gegen Long
2026-09-30T13:24:59.080Z,117,xyz:INTC,xyz,LONG,0,0,0,117.2,0.0247,61.33,0.000017249,1,
2026-09-30T13:24:59.080Z,118,xyz:COIN,xyz,LONG,0,0,0,194.95,0.2589,66.03,0.0000300698,1.2,
2026-09-30T13:24:59.080Z,119,xyz:META,xyz,LONG,0,0,0,729.25,0.1626,41.89,0.00000625,1,
2026-09-30T13:24:59.080Z,120,xyz:AMZN,xyz,LONG,0,0,0,247.16,0.0035,50.73,0.0000237572,1.2,
2026-09-30T13:24:59.080Z,121,xyz:SNDK,xyz,LONG,0,0,0,1734.9,0.1548,59.20,0.0000125549,0.8,
2026-09-30T13:24:59.080Z,122,xyz:MSTR,xyz,LONG,0,0,0,160.75,0.3878,69.26,0.0000109855,1,
2026-09-30T13:24:59.080Z,123,xyz:LLY,xyz,LONG,0,0,0,1186,0.0359,49.36,0.00000625,0.8,
2026-09-30T13:24:59.080Z,124,xyz:SKHX,xyz,LONG,0,0,0,1324.9,0.1418,58.95,0.0001487209,0.8,Funding-Crowding gegen Long
2026-09-30T13:24:59.080Z,125,xyz:BABA,xyz,LONG,0,0,0,108.82,0.0781,55.76,0.0000242016,1,
2026-09-30T13:24:59.080Z,126,xyz:CL,xyz,LONG,0,0,0,91.229,-0.2359,58.55,0.0000015051,1,
2026-09-30T13:24:59.080Z,127,xyz:EWY,xyz,LONG,0,0,0,185.24,-0.0860,52.79,0.00000625,0.8,
2026-09-30T13:24:59.080Z,128,xyz:HIMS,xyz,LONG,0,0,0,28.938,0.0337,57.27,0.0000015964,0.8,
2026-09-30T13:24:59.080Z,129,xyz:KORU,xyz,LONG,0,0,0,20.85,-0.3097,52.45,0.00000625,0.8,
2026-09-30T13:24:59.080Z,130,xyz:IREN,xyz,LONG,0,0,0,42.15,-0.0256,59.98,0.00000625,0.8,
2026-09-30T13:24:59.080Z,131,io:SNDK,io,LONG,0,0,0,1733.2,0.1486,59.19,0.0000050436,0.8,
2026-09-30T14:25:42.459Z,1,WLD,,LONG,3.6,3.6,0,0.54009,2.3627,67.80,0.0000125,1.2,
2026-09-30T14:25:42.459Z,2,ENA,,LONG,3.6,3.6,0,0.26735,1.3439,61.45,0.0000125,1.2,
2026-09-30T14:25:42.459Z,3,LIT,,SHORT,-3.6,-1.2,-3.6,3.9876,-2.6267,45.16,0.0000125,0.8,
2026-09-30T14:25:42.459Z,4,DOGE,,LONG,3,3,1.8,0.095124,0.4607,53.78,0.0000125,1.2,
2026-09-30T14:25:42.459Z,5,ZRO,,LONG,3,3,0,1.7421,2.3188,53.22,0.0000125,1,
2026-09-30T14:25:42.459Z,6,NEAR,,LONG,3,3,0,5.2864,2.0215,63.42,0.0000125,1,
2026-09-30T14:25:42.459Z,7,kBONK,,LONG,3,3,0,0.00386,2.0677,55.52,0.0000125,1,
2026-09-30T14:25:42.459Z,8,SPX,,LONG,3,3,0,0.43623,1.1729,62.21,0.0000125,1,
2026-09-30T14:25:42.459Z,9,ASTER,,LONG,3,3,0,0.76831,1.6532,68.96,0.0000125,1,
2026-09-30T14:25:42.459Z,10,2Z,,SHORT,-3,0,-3,0.063103,-1.2251,36.61,0.0000125,1,
2026-09-30T14:25:42.459Z,11,AZTEC,,SHORT,-3,0,-3,0.016929,-1.3292,41.20,0.000035311,1,
2026-09-30T14:25:42.459Z,12,xyz:NATGAS,xyz,SHORT,-3,0,-3,2.9963,-0.6033,37.53,0.00000625,1,
2026-09-30T14:25:42.459Z,13,xyz:MRNA,xyz,SHORT,-3,0,-3,190.27,-1.2073,34.32,0.00000625,1,
2026-09-30T14:25:42.459Z,14,PURR,,LONG,2.5,2.5,1.5,0.1431,0.4254,54.19,0.0000125,1,
2026-09-30T14:25:42.459Z,15,DOT,,LONG,2.4,2.4,0,1.2247,0.9214,54.21,0.0000125,1.2,
2026-09-30T14:25:42.459Z,16,JTO,,SHORT,-2.4,0,-2.4,0.54872,-0.1579,43.94,0.0000125,1.2,
2026-09-30T14:25:42.459Z,17,WIF,,LONG,2.4,2.4,0,0.253395,1.8362,61.04,0.0000125,0.8,
2026-09-30T14:25:42.459Z,18,POL,,SHORT,-2.4,1.2,-2.4,0.115182,-0.2467,43.43,0.0000125,1.2,
2026-09-30T14:25:42.459Z,19,PENGU,,LONG,2.4,2.4,0,0.009905,1.0334,49.58,0.0000125,1.2,
2026-09-30T14:25:42.459Z,20,TRUMP,,LONG,2.4,2.4,0,2.0764,0.6332,56.73,0.0000125,1.2,
2026-09-30T14:25:42.459Z,21,NIL,,LONG,2.4,2.4,0,0.092601,3.2815,62.94,0.0000724367,1.2,Funding-Crowding gegen Long
2026-09-30T14:25:42.459Z,22,PONS,,LONG,2.4,2.4,0,0.54835,1.2375,51.04,0.0000125,0.8,
2026-09-30T14:25:42.459Z,23,xyz:XYZ100,xyz,LONG,2.4,2.4,0,30558,0.1202,64.70,0.00000625,1.2,
2026-09-30T14:25:42.459Z,24,xyz:TSM,xyz,LONG,2.4,2.4,0,458.71,0.1827,65.24,0.00000625,1.2,
2026-09-30T14:25:42.459Z,25,xyz:KIOXIA,xyz,SHORT,-2.4,0,-2.4,116.54,-2.5305,34.52,-0.000003043,0.8,
2026-09-30T14:25:42.459Z,26,xyz:WDC,xyz,LONG,2.4,2.4,-1.2,458.53,0.1064,61.69,0.0000258037,1.2,
2026-09-30T14:25:42.459Z,27,xyz:ZHIPU,xyz,LONG,2.4,2.4,0,81.506,1.0175,58.89,0.0000020529,0.8,
2026-09-30T14:25:42.459Z,28,kPEPE,,LONG,2,2,0,0.00435,0.7968,55.82,0.0000125,1,
2026-09-30T14:25:42.459Z,29,LINK,,SHORT,-2,1,-2,14.3,-0.6199,41.40,0.0000125,1,
2026-09-30T14:25:42.459Z,30,W,,SHORT,-2,0,-2,0.01335,-0.7659,41.54,0.0000125,1,
2026-09-30T14:25:42.459Z,31,ETHFI,,LONG,2,2,0,0.77207,0.8440,55.49,0.0000245328,1,
2026-09-30T14:25:42.459Z,32,EIGEN,,SHORT,-2,0,-2,0.247,-0.5972,42.41,0.0000125,1,
2026-09-30T14:25:42.459Z,33,ALGO,,SHORT,-2,0,-2,0.12413,-0.7566,43.47,0.0000125,1,
2026-09-30T14:25:42.459Z,34,0G,,LONG,2,2,0,0.31966,1.3131,44.35,0.0000125,1,
2026-09-30T14:25:42.459Z,35,CHIP,,LONG,2,2,0,0.045279,0.7122,55.19,0.0000125,1,
2026-09-30T14:25:42.459Z,36,xyz:NVDA,xyz,LONG,2,2,0,231.24,0.1435,66.86,0.0000203099,1,
2026-09-30T14:25:42.459Z,37,xyz:COIN,xyz,SHORT,-2,0,-2,185.97,-0.2157,37.61,0.0000260475,1,
2026-09-30T14:25:42.459Z,38,xyz:AMD,xyz,SHORT,-2,1,-2,602.89,-0.2501,39.91,0.00000625,1,
2026-09-30T14:25:42.459Z,39,xyz:MU,xyz,LONG,2,2,-1,1073.9,0.1384,54.37,0.000018039,1,
2026-09-30T14:25:42.459Z,40,io:ANTH,io,LONG,2,2,1.2,2099,0.4895,63.35,0.0000214589,0.8,
2026-09-30T14:25:42.459Z,41,TAO,,LONG,1.8,1.8,0.6,303.815,0.0267,48.22,0.0000125,1.2,
2026-09-30T14:25:42.459Z,42,xyz:AAPL,xyz,LONG,1.8,1.8,1.8,337.87,-0.0340,74.50,0.00000625,1.2,RSI>70 überhitzt
2026-09-30T14:25:42.459Z,43,xyz:ORCL,xyz,LONG,-1.8,-1.8,-1.8,137.03,0.1847,47.51,0.0000265129,1.2,
2026-09-30T14:25:42.459Z,44,xyz:BB,xyz,SHORT,-1.8,0.6,-1.8,8.9925,0.5280,72.59,0.0000138359,1.2,RSI>70 überhitzt
2026-09-30T14:25:42.459Z,45,FIL,,SHORT,-1.6,0,-1.6,1.0554,0.0471,45.05,0.0000125,0.8,
2026-09-30T14:25:42.459Z,46,HEMI,,LONG,1.6,1.6,0,0.006229,0.5229,54.68,0.0000356097,0.8,
2026-09-30T14:25:42.459Z,47,ICP,,LONG,1.6,1.6,0,3.4163,1.0555,51.44,0.0000091078,0.8,
2026-09-30T14:25:42.459Z,48,xyz:JPY,xyz,SHORT,-1.6,0,-1.6,156.86,-0.0751,41.07,-0.0000092429,0.8,
2026-09-30T14:25:42.459Z,49,xyz:SMSN,xyz,SHORT,-1.6,0,-1.6,197.65,-0.5577,38.16,0.00000625,0.8,
2026-09-30T14:25:42.459Z,50,xyz:JP225,xyz,LONG,1.6,1.6,0,67437,0.5631,69.21,0.00000625,0.8,
2026-09-30T14:25:42.459Z,51,mkts:USBOND,mkts,SHORT,-1.6,0,-1.6,77.905,-0.1057,34.48,-0.0000179492,0.8,
2026-09-30T14:25:42.459Z,52,LTC,,LONG,1.5,1.5,0.5,66.899,-0.3082,42.91,0.0000125,1,
2026-09-30T14:25:42.459Z,53,APT,,LONG,1.5,1.5,0.5,0.7918,-0.3637,44.76,0.0000125,1,
2026-09-30T14:25:42.459Z,54,PENDLE,,LONG,1.5,1.5,0.5,2.346702,-0.0719,48.54,0.0000125,1,
2026-09-30T14:25:42.459Z,55,XPL,,LONG,1.5,1.5,0.5,0.095881,-0.3353,44.25,0.0000125,1,
2026-09-30T14:25:42.459Z,56,CC,,LONG,1.5,1.5,1.5,0.12703,-0.4114,50.97,0.0000125,1,
2026-09-30T14:25:42.459Z,57,xyz:BABA,xyz,LONG,1.5,1.5,1.5,108.47,0.0198,50.41,0.00000625,1,
2026-09-30T14:25:42.459Z,58,xyz:GME,xyz,SHORT,-1.5,0.5,-1.5,24.23,0.4774,55.78,0.00000625,1,
2026-09-30T14:25:42.459Z,59,xyz:BE,xyz,SHORT,-1.5,-0.5,-1.5,288.24,0.8577,47.11,0.0000344082,1,
2026-09-30T14:25:42.459Z,60,ARB,,SHORT,-1.2,0,-1.2,0.2034,-0.0287,47.27,0.0000125,1.2,
2026-09-30T14:25:42.459Z,61,LDO,,LONG,1.2,1.2,-1.2,0.46377,0.7192,45.36,0.0000125,1.2,
2026-09-30T14:25:42.459Z,62,BCH,,SHORT,-1.2,0,-1.2,305.92,0.0319,43.36,0.0000125,1.2,
2026-09-30T14:25:42.459Z,63,GRASS,,LONG,1.2,1.2,-1.2,0.73009,1.7198,55.92,0.0000125,0.8,
2026-09-30T14:25:42.459Z,64,HYPE,,SHORT,-1.2,0,-1.2,85.407,-0.2603,41.56,0.0000125,1.2,
2026-09-30T14:25:42.459Z,65,BERA,,LONG,1.2,1.2,-0.4,0.24828,2.2905,56.74,-0.0000855807,0.8,Funding-Crowding gegen Short (bereits überfüllt)
2026-09-30T14:25:42.459Z,66,AERO,,SHORT,-1.2,0,-1.2,0.80961,0.0372,48.50,0.0000125,1.2,
2026-09-30T14:25:42.459Z,67,GRAM,,LONG,1.2,1.2,-0.4,1.4972,-0.5840,45.29,0.0000125,0.8,
2026-09-30T14:25:42.459Z,68,xyz:TSLA,xyz,SHORT,-1.2,0,-1.2,350.49,-0.4934,41.18,0.0000143971,1.2,
2026-09-30T14:25:42.459Z,69,xyz:PLTR,xyz,LONG,1.2,1.2,0,189.25,0.1998,63.53,0.0000036578,1.2,
2026-09-30T14:25:42.459Z,70,xyz:MSFT,xyz,LONG,1.2,1.2,0,518.31,0.2193,71.56,-0.0000028619,1.2,RSI>70 überhitzt
2026-09-30T14:25:42.459Z,71,xyz:AMZN,xyz,LONG,1.2,1.2,0,250.67,0.1665,70.61,0.00000625,1.2,RSI>70 überhitzt
2026-09-30T14:25:42.459Z,72,xyz:SNDK,xyz,LONG,1.2,1.2,0,1748.6,0.2297,65.94,0.0000063937,1.2,
2026-09-30T14:25:42.459Z,73,xyz:LLY,xyz,LONG,1.2,1.2,0,1187.4,0.0620,51.74,0.0000275968,1.2,
2026-09-30T14:25:42.459Z,74,xyz:HIMS,xyz,LONG,1.2,1.2,0,30.414,0.7176,81.50,-0.0000115101,1.2,RSI>70 überhitzt
2026-09-30T14:25:42.459Z,75,xyz:SPCX,xyz,LONG,1.2,1.2,0,151.94,0.4607,76.78,0.00000625,1.2,RSI>70 überhitzt
2026-09-30T14:25:42.459Z,76,BTC,,LONG,1,1,0,83890,0.2277,52.71,0.0000125,1,
2026-09-30T14:25:42.459Z,77,BNB,,LONG,1,1,0,766.25,0.3155,53.29,0.0000125,1,
2026-09-30T14:25:42.459Z,78,CRV,,LONG,1,1,-1,0.3859,0.8921,46.99,0.0000125,1,
2026-09-30T14:25:42.459Z,79,SEI,,SHORT,-1,0,-1,0.072847,-0.2936,42.53,0.0000125,1,
2026-09-30T14:25:42.459Z,80,TIA,,SHORT,-1,0,-1,0.44465,-0.0393,48.06,0.0000125,1,
2026-09-30T14:25:42.459Z,81,FET,,SHORT,-1,0,-1,0.221936,-0.3281,47.80,0.0000125,1,
2026-09-30T14:25:42.459Z,82,JUP,,SHORT,-1,0,-1,0.32772,0.1796,47.33,0.0000125,1,
2026-09-30T14:25:42.459Z,83,ONDO,,SHORT,-1,0,-1,0.50272,-0.2507,45.98,0.0000125,1,
2026-09-30T14:25:42.459Z,84,STRK,,LONG,1,1,-1,0.04165,0.0561,44.86,0.0000125,1,
2026-09-30T14:25:42.459Z,85,RENDER,,SHORT,-1,0,-1,1.9281,0.2305,47.24,0.0000125,1,
2026-09-30T14:25:42.459Z,86,FARTCOIN,,LONG,1,1,-1,0.17614,0.4688,45.40,0.0000125,1,
2026-09-30T14:25:42.459Z,87,PAXG,,SHORT,-1,0,-1,4178.7,0.1470,47.42,0.0000125,1,
2026-09-30T14:25:42.459Z,88,PUMP,,LONG,1,1,0,0.005538,0.9795,43.21,0.0000125,1,
2026-09-30T14:25:42.459Z,89,XMR,,LONG,1,1,-1,541.91,0.0619,49.15,0.0000125,1,
2026-09-30T14:25:42.459Z,90,DASH,,SHORT,-1,0,-1,61.1413,-0.0414,47.44,0.0000125,1,
2026-09-30T14:25:42.459Z,91,CASHCAT,,SHORT,-1,0,-1,0.17281,-0.3486,46.38,0.0000125,1,
2026-09-30T14:25:42.459Z,92,xyz:GOLD,xyz,SHORT,-1,0,-1,4170.5,0.1448,46.77,0.00000625,1,
2026-09-30T14:25:42.459Z,93,xyz:HOOD,xyz,SHORT,-1,0,-1,114.14,0.1537,36.70,0.0000132687,1,
2026-09-30T14:25:42.459Z,94,xyz:COPPER,xyz,LONG,1,1,0,6.65,0.0033,53.24,0.0000131262,1,
2026-09-30T14:25:42.459Z,95,xyz:NBIS,xyz,LONG,1,1,-1,240.21,0.5778,51.09,0.00000625,1,
2026-09-30T14:25:42.459Z,96,xyz:SKHY,xyz,LONG,1,1,0,186.13,0.0810,51.04,-7.281e-7,1,
2026-09-30T14:25:42.459Z,97,xyz:KORU,xyz,SHORT,-1,0,-1,20.55,-0.4706,44.27,0.0000018654,1,
2026-09-30T14:25:42.459Z,98,xyz:IREN,xyz,SHORT,-1,0,-1,41.14,-0.2447,39.46,0.0000417281,1,
2026-09-30T14:25:42.459Z,99,io:SNDK,io,LONG,1,1,0,1746.9,0.2246,66.11,0.0000022757,1,
2026-09-30T14:25:42.459Z,100,UNI,,SHORT,-0.8,0,-0.8,8.83855,0.0639,47.47,0.0000125,0.8,
2026-09-30T14:25:42.459Z,101,HBAR,,SHORT,-0.8,0,-0.8,0.10757,-0.5937,49.98,0.0000125,0.8,
2026-09-30T14:25:42.459Z,102,MORPHO,,LONG,0.8,0.8,-0.8,2.5431,0.6587,49.20,0.0000125,0.8,
2026-09-30T14:25:42.459Z,103,MET,,LONG,0.8,0.8,-0.8,0.32254,0.0390,47.95,0.0000125,0.8,
2026-09-30T14:25:42.459Z,104,xyz:EWY,xyz,SHORT,-0.8,0,-0.8,184.39,-0.1415,44.44,0.00000625,0.8,
2026-09-30T14:25:42.459Z,105,xyz:ARM,xyz,SHORT,-0.8,0,-0.8,289.72,-0.0562,41.89,0.000010959,0.8,
2026-09-30T14:25:42.459Z,106,xyz:MINIMAX,xyz,LONG,0.8,0.8,0,31.967,0.5493,55.47,0.00000625,0.8,
2026-09-30T14:25:42.459Z,107,xyz:STRC,xyz,LONG,0.8,0.8,0,99.241,-0.0341,57.02,-0.0000135886,0.8,
2026-09-30T14:25:42.459Z,108,ETH,,LONG,0,0,0,2684.9,0.1343,49.24,0.0000125,1.2,
2026-09-30T14:25:42.459Z,109,SOL,,LONG,0,0,0,119.02,0.2263,48.92,0.0000125,1.2,
2026-09-30T14:25:42.459Z,110,AVAX,,LONG,0,0,0,10.967,-0.1172,41.06,0.0000125,1,
2026-09-30T14:25:42.459Z,111,INJ,,LONG,0,0,0,7.40499,-0.1138,37.14,0.0000125,1,
2026-09-30T14:25:42.459Z,112,SUI,,LONG,0,0,0,1.16258,0.3080,51.01,0.0000125,1,
2026-09-30T14:25:42.459Z,113,XRP,,LONG,0,0,0,1.5015,0.2334,48.56,0.0000125,1,
2026-09-30T14:25:42.459Z,114,AAVE,,LONG,0,0,0,159.88,-0.0069,46.37,0.0000125,1,
2026-09-30T14:25:42.459Z,115,TRX,,LONG,0,0,0,0.33991,0.4023,71.15,0.0000125,0.8,RSI>70 überhitzt
2026-09-30T14:25:42.459Z,116,ADA,,LONG,0,0,0,0.2466,0.3241,50.02,0.0000125,1.2,
2026-09-30T14:25:42.459Z,117,AR,,LONG,0,0,0,4.3089,0.2484,53.21,0.0000125,1.2,
2026-09-30T14:25:42.459Z,118,XLM,,LONG,0,0,0,0.22376,0.2749,47.61,0.0000125,1,
2026-09-30T14:25:42.459Z,119,VIRTUAL,,LONG,0,0,0,0.79391,0.0077,49.87,0.0000125,0.8,
2026-09-30T14:25:42.459Z,120,VVV,,LONG,0,0,0,27.544,0.2059,53.90,0.0000125,0.8,
2026-09-30T14:25:42.459Z,121,SYRUP,,LONG,0,0,0,0.23193,-0.0853,46.19,0.0000125,0.8,
2026-09-30T14:25:42.459Z,122,SKY,,LONG,0,0,0,0.079986,-0.2889,39.80,0.0000125,1,
2026-09-30T14:25:42.459Z,123,ZEC,,LONG,0,0,0,1442.4,0.1780,53.68,0.0000125,1.2,
2026-09-30T14:25:42.459Z,124,MON,,LONG,0,0,0,0.027741,0.1348,52.78,0.0000125,1,
2026-09-30T14:25:42.459Z,125,USELESS,,LONG,0,0,0,0.24425,0.6693,52.28,0.000154061,1.2,Funding-Crowding gegen Long
2026-09-30T14:25:42.459Z,126,xyz:INTC,xyz,LONG,0,0,0,118.5,0.2239,64.37,0.0000179696,1.2,
2026-09-30T14:25:42.459Z,127,xyz:META,xyz,LONG,0,0,0,726.46,0.0978,38.57,0.0000121269,1,
2026-09-30T14:25:42.459Z,128,xyz:GOOGL,xyz,LONG,0,0,0,349.65,0.4758,77.91,0.00000625,1,RSI>70 überhitzt
2026-09-30T14:25:42.459Z,129,xyz:EUR,xyz,LONG,0,0,0,1.1363,0.0250,54.42,0.0000105443,1,
2026-09-30T14:25:42.459Z,130,xyz:PLATINUM,xyz,LONG,0,0,0,1712,0.0712,51.10,0.0000110657,0.8,
2026-09-30T14:25:42.459Z,131,xyz:LITE,xyz,LONG,0,0,0,957.96,0.4553,44.04,0.0000242643,0.8,
2026-09-30T14:25:42.459Z,132,xyz:AVGO,xyz,LONG,0,0,0,354.74,0.1331,47.35,0.00000625,1,
2026-09-30T14:25:42.459Z,133,io:OAI,io,LONG,0,0,0,1663.3,-0.0032,48.25,0.0000276632,1,
2026-09-30T15:26:00.615Z,1,JTO,,SHORT,-3.6,0,-3.6,0.5268,-0.6637,34.46,0.0000125,1.2,
2026-09-30T15:26:00.615Z,2,WLD,,LONG,3,3,0,0.5309,2.2732,59.97,0.0000125,1,
2026-09-30T15:26:00.615Z,3,SEI,,SHORT,-3,0,-3,0.071805,-0.5312,37.73,0.0000125,1,
2026-09-30T15:26:00.615Z,4,NEAR,,LONG,3,3,0,5.1665,1.8246,55.18,0.0000125,1,
2026-09-30T15:26:00.615Z,5,kBONK,,LONG,3,3,-1,0.003818,1.7816,52.31,0.0000125,1,
2026-09-30T15:26:00.615Z,6,W,,SHORT,-3,0,-3,0.01318,-0.9497,38.21,0.0000125,1,
2026-09-30T15:26:00.615Z,7,ENA,,LONG,3,3,0,0.26142,1.2403,55.24,0.0000125,1,
2026-09-30T15:26:00.615Z,8,EIGEN,,SHORT,-3,0,-3,0.2431,-0.8237,37.97,0.0000125,1,
2026-09-30T15:26:00.615Z,9,POL,,SHORT,-3,0,-3,0.1129,-0.5451,36.85,0.0000125,1,
2026-09-30T15:26:00.615Z,10,ASTER,,LONG,3,3,0,0.7706,1.6760,69.35,0.0000125,1,
2026-09-30T15:26:00.615Z,11,CASHCAT,,SHORT,-3,0,-3,0.165555,-0.9363,39.22,0.0000125,1,
2026-09-30T15:26:00.615Z,12,LIT,,SHORT,-2.8,-1.2,-2.8,4.0242,-2.3133,48.35,0.0000125,0.8,
2026-09-30T15:26:00.615Z,13,PURR,,LONG,2.5,2.5,1.5,0.14179,0.3838,51.04,0.0000125,1,
2026-09-30T15:26:00.615Z,14,LINK,,SHORT,-2.4,0,-2.4,14.136,-0.7991,37.20,0.0000125,0.8,
2026-09-30T15:26:00.615Z,15,WIF,,LONG,2.4,2.4,0,0.25251,1.7320,59.04,0.0000125,0.8,
2026-09-30T15:26:00.615Z,16,SPX,,LONG,2.4,2.4,0,0.43398,1.1703,59.13,0.0000125,0.8,
2026-09-30T15:26:00.615Z,17,NIL,,LONG,2.4,2.4,0,0.091427,3.2118,59.67,0.0000125,0.8,
2026-09-30T15:26:00.615Z,18,2Z,,SHORT,-2.4,0,-2.4,0.062802,-1.2810,34.98,0.0000125,0.8,
2026-09-30T15:26:00.615Z,19,AZTEC,,SHORT,-2.4,0,-2.4,0.016821,-1.4552,39.79,0.0000305408,0.8,
2026-09-30T15:26:00.615Z,20,JUP,,SHORT,-2,0,-2,0.32277,-0.0790,42.48,0.0000125,1,
2026-09-30T15:26:00.615Z,21,PONS,,SHORT,-2,1,-2,0.52731,0.6058,43.41,0.0000125,1,
2026-09-30T15:26:00.615Z,22,xyz:TSLA,xyz,SHORT,-2,0,-2,347.56,-0.5854,32.41,0.0000140305,1,
2026-09-30T15:26:00.615Z,23,xyz:COIN,xyz,SHORT,-2,0,-2,186.31,-0.3651,38.04,0.0000225952,1,
2026-09-30T15:26:00.615Z,24,xyz:MU,xyz,LONG,2,2,-1,1074.1,0.1589,53.72,0.0000184699,1,
2026-09-30T15:26:00.615Z,25,xyz:BABA,xyz,LONG,2,2,0.4,108.37,-0.0065,50.00,0.0000159763,0.8,
2026-09-30T15:26:00.615Z,26,xyz:NATGAS,xyz,SHORT,-2,0,-2,3.0134,-0.5321,43.53,0.0000108449,1,
2026-09-30T15:26:00.615Z,27,xyz:KIOXIA,xyz,SHORT,-2,0,-2,116.37,-2.3432,34.09,-0.0000806605,1,Funding-Crowding gegen Short (bereits überfüllt)
2026-09-30T15:26:00.615Z,28,xyz:CBRS,xyz,SHORT,-2,0,-2,181.47,-2.1996,21.36,-3.498e-7,1,"RSI<30 überverkauft, Bounce-Risiko"
2026-09-30T15:26:00.615Z,29,xyz:SPCX,xyz,LONG,2,2,-1,150.11,0.3456,60.57,0.0000178931,1,
2026-09-30T15:26:00.615Z,30,xyz:IREN,xyz,SHORT,-2,0,-2,41.063,-0.3545,37.70,0.0000216441,1,
2026-09-30T15:26:00.615Z,31,BCH,,SHORT,-1.6,0,-1.6,304.83,-0.0949,41.85,0.0000125,0.8,
2026-09-30T15:26:00.615Z,32,ZRO,,LONG,1.6,1.6,0,1.687,1.7240,46.59,0.0000125,0.8,
2026-09-30T15:26:00.615Z,33,FIL,,SHORT,-1.6,0,-1.6,1.0488,-0.1176,42.28,0.0000125,0.8,
2026-09-30T15:26:00.615Z,34,ETHFI,,LONG,1.6,1.6,0,0.76799,0.7420,52.77,0.0000125,0.8,
2026-09-30T15:26:00.615Z,35,RENDER,,SHORT,-1.6,0,-1.6,1.9172,0.1112,44.81,0.0000125,0.8,
2026-09-30T15:26:00.615Z,36,ALGO,,SHORT,-1.6,0,-1.6,0.122913,-0.8781,40.55,0.0000125,0.8,
2026-09-30T15:26:00.615Z,37,MORPHO,,SHORT,-1.6,0,-1.6,2.5033,0.3535,44.45,0.0000125,0.8,
2026-09-30T15:26:00.615Z,38,TRUMP,,LONG,1.6,1.6,0,2.0612,0.5632,51.98,0.0000125,0.8,
2026-09-30T15:26:00.615Z,39,XMR,,SHORT,-1.6,0,-1.6,537.92,-0.0249,43.51,0.0000125,0.8,
2026-09-30T15:26:00.615Z,40,xyz:GOLD,xyz,SHORT,-1.6,0,-1.6,4156.2,0.0751,40.77,0.00000625,0.8,
2026-09-30T15:26:00.615Z,41,xyz:AMD,xyz,SHORT,-1.6,0,-1.6,601.53,-0.2935,38.49,0.00000625,0.8,
2026-09-30T15:26:00.615Z,42,xyz:PLATINUM,xyz,SHORT,-1.6,0,-1.6,1702.5,-0.0287,43.57,0.0000375527,0.8,
2026-09-30T15:26:00.615Z,43,xyz:JP225,xyz,LONG,1.6,1.6,0,67295,0.5627,63.63,0.0000078105,0.8,
2026-09-30T15:26:00.615Z,44,APT,,LONG,1.5,1.5,-0.5,0.7816,-0.5456,40.46,0.0000125,1,
2026-09-30T15:26:00.615Z,45,BERA,,LONG,1.5,1.5,-0.5,0.25275,2.4316,60.00,-0.0001809987,1,Funding-Crowding gegen Short (bereits überfüllt)
2026-09-30T15:26:00.615Z,46,XPL,,LONG,1.5,1.5,-1.5,0.093939,-0.6455,38.66,0.0000125,1,
2026-09-30T15:26:00.615Z,47,CC,,LONG,1.5,1.5,-0.5,0.12447,-0.5242,42.91,0.0000125,1,
2026-09-30T15:26:00.615Z,48,xyz:AAPL,xyz,LONG,1.5,1.5,1.5,337.06,0.1015,68.39,0.00000625,1,
2026-09-30T15:26:00.615Z,49,xyz:ORCL,xyz,LONG,-1.5,-1.5,-1.5,137.44,0.1570,50.21,0.000013967,1,
2026-09-30T15:26:00.615Z,50,xyz:GME,xyz,SHORT,-1.5,-0.5,-1.5,24.6,0.6618,74.07,0.0000085369,1,RSI>70 überhitzt
2026-09-30T15:26:00.615Z,51,xyz:RKLB,xyz,LONG,1.5,1.5,1.5,71.729,0.3675,53.80,0.0000241582,1,
2026-09-30T15:26:00.615Z,52,xyz:AMAT,xyz,SHORT,-1.5,0.5,-1.5,510.01,0.5977,57.29,0.00000625,1,
2026-09-30T15:26:00.615Z,53,LTC,,LONG,1.2,1.2,0.4,66.6282,-0.3973,40.87,0.0000125,0.8,
2026-09-30T15:26:00.615Z,54,DOGE,,LONG,1.2,1.2,1.2,0.094403,0.3354,48.59,0.0000125,0.8,
2026-09-30T15:26:00.615Z,55,PENDLE,,LONG,1.2,1.2,0.4,2.323,-0.2157,43.46,0.0000125,0.8,
2026-09-30T15:26:00.615Z,56,STRK,,SHORT,-1.2,0,-1.2,0.0412,-0.1917,42.15,0.0000125,1.2,
2026-09-30T15:26:00.615Z,57,TAO,,LONG,1.2,1.2,0.4,301.61,-0.1166,44.17,0.0000125,0.8,
2026-09-30T15:26:00.615Z,58,GRASS,,SHORT,-1.2,0.4,-1.2,0.71943,1.4347,52.05,0.0000125,0.8,
2026-09-30T15:26:00.615Z,59,CHIP,,SHORT,-1.2,0,-1.2,0.043743,0.3231,44.48,0.0000125,1.2,
2026-09-30T15:26:00.615Z,60,GRAM,,LONG,1.2,1.2,-0.4,1.491,-0.6100,43.66,0.0000125,0.8,
2026-09-30T15:26:00.615Z,61,xyz:NVDA,xyz,LONG,1.2,1.2,0,230.11,0.1523,58.00,0.00000625,1.2,
2026-09-30T15:26:00.615Z,62,xyz:TSM,xyz,LONG,1.2,1.2,0,460.65,0.2528,70.05,0.00000625,1.2,RSI>70 überhitzt
2026-09-30T15:26:00.615Z,63,xyz:JPY,xyz,LONG,1.2,1.2,0,157.17,-0.0442,53.56,-0.0000105158,1.2,
2026-09-30T15:26:00.615Z,64,para:ANSEM,para,SHORT,1.2,0.4,1.2,0.14271,-0.1657,52.07,0.0004338663,0.8,Funding-Crowding gegen Long
2026-09-30T15:26:00.615Z,65,BNB,,LONG,1,1,0,765.48,0.2830,51.96,0.0000125,1,
2026-09-30T15:26:00.615Z,66,SUI,,SHORT,-1,0,-1,1.1499,0.1713,46.22,0.0000125,1,
2026-09-30T15:26:00.615Z,67,kPEPE,,LONG,1,1,0,0.004292,0.6013,48.71,0.0000125,1,
2026-09-30T15:26:00.615Z,68,DOT,,LONG,1,1,0,1.2104,0.7533,49.23,0.0000125,1,
2026-09-30T15:26:00.615Z,69,ADA,,SHORT,-1,0,-1,0.24342,0.1116,44.25,0.0000125,1,
2026-09-30T15:26:00.615Z,70,AR,,SHORT,-1,0,-1,4.2381,0.1171,46.56,0.0000125,1,
2026-09-30T15:26:00.615Z,71,HYPE,,SHORT,-1,0,-1,85.632,-0.2918,42.89,-0.0000070121,1,
2026-09-30T15:26:00.615Z,72,PENGU,,LONG,1,1,-1,0.009812,0.7624,47.04,0.0000125,1,
2026-09-30T15:26:00.615Z,73,PAXG,,SHORT,-1,0,-1,4163.6,0.0739,40.84,0.0000125,1,
2026-09-30T15:26:00.615Z,74,ZEC,,SHORT,-1,0,-1,1411.9306,0.0108,46.40,0.0000125,1,
2026-09-30T15:26:00.615Z,75,MON,,SHORT,-1,0,-1,0.027244,0.0126,47.34,0.0000125,1,
2026-09-30T15:26:00.615Z,76,xyz:PLTR,xyz,LONG,1,1,0,190.43,0.3127,69.57,-0.0000086402,1,
2026-09-30T15:26:00.615Z,77,xyz:GOOGL,xyz,LONG,1,1,0,351,0.5528,75.39,0.00000625,1,RSI>70 überhitzt
2026-09-30T15:26:00.615Z,78,xyz:AMZN,xyz,LONG,1,1,0,251.58,0.3041,70.46,0.00000625,1,RSI>70 überhitzt
2026-09-30T15:26:00.615Z,79,xyz:SNDK,xyz,LONG,1,1,0,1740.8,0.2326,60.69,0.0000206288,1,
2026-09-30T15:26:00.615Z,80,xyz:LLY,xyz,LONG,1,1,0,1188.3,0.0590,53.08,0.0000185541,1,
2026-09-30T15:26:00.615Z,81,xyz:SILVER,xyz,SHORT,-1,0,-1,60.232,-0.2594,34.52,0.0000138371,1,
2026-09-30T15:26:00.615Z,82,xyz:COPPER,xyz,SHORT,-1,0,-1,6.6123,-0.0439,42.32,0.0000273532,1,
2026-09-30T15:26:00.615Z,83,xyz:SMSN,xyz,SHORT,-1,0,-1,195.03,-0.6850,31.66,-0.0002618388,1,Funding-Crowding gegen Short (bereits überfüllt)
2026-09-30T15:26:00.615Z,84,xyz:CRWV,xyz,LONG,1,1,0,86.602,0.2789,53.70,0.00000625,1,
2026-09-30T15:26:00.615Z,85,xyz:EWY,xyz,SHORT,-1,0,-1,182.97,-0.2421,36.11,0.0000145287,1,
2026-09-30T15:26:00.615Z,86,xyz:SP500,xyz,LONG,1,1,0,7709.6,0.0703,60.65,0.00000625,1,
2026-09-30T15:26:00.615Z,87,xyz:NBIS,xyz,SHORT,-1,0,-1,236.88,0.3552,42.68,0.00000625,1,
2026-09-30T15:26:00.615Z,88,io:SNDK,io,LONG,1,1,0,1739,0.2282,60.68,0.00000625,1,
2026-09-30T15:26:00.615Z,89,SOL,,SHORT,-0.8,0,-0.8,118.2,0.0916,44.54,-0.0000039397,0.8,
2026-09-30T15:26:00.615Z,90,ARB,,SHORT,-0.8,0,-0.8,0.20153,-0.2119,43.05,0.0000125,0.8,
2026-09-30T15:26:00.615Z,91,INJ,,SHORT,-0.8,0,-0.8,7.2951,-0.4700,32.65,0.0000125,0.8,
2026-09-30T15:26:00.615Z,92,CRV,,LONG,0.8,0.8,-0.8,0.38658,0.6682,47.40,0.0000125,0.8,
2026-09-30T15:26:00.615Z,93,LDO,,SHORT,-0.8,0,-0.8,0.46069,0.4135,43.05,0.0000125,0.8,
2026-09-30T15:26:00.615Z,94,TRX,,LONG,0.8,0.8,0,0.33862,0.3562,60.88,0.0000125,0.8,
2026-09-30T15:26:00.615Z,95,UNI,,SHORT,-0.8,0,-0.8,8.8158,-0.0304,46.10,0.0000125,0.8,
2026-09-30T15:26:00.615Z,96,TIA,,SHORT,-0.8,0,-0.8,0.43694,-0.2447,41.76,0.0000125,0.8,
2026-09-30T15:26:00.615Z,97,FET,,SHORT,-0.8,0,-0.8,0.22045,-0.3807,45.53,0.0000289924,0.8,
2026-09-30T15:26:00.615Z,98,ONDO,,SHORT,-0.8,0,-0.8,0.49555,-0.4362,41.30,0.0000125,0.8,
2026-09-30T15:26:00.615Z,99,HBAR,,SHORT,-0.8,0,-0.8,0.10752,-0.5168,49.63,0.0000125,0.8,
2026-09-30T15:26:00.615Z,100,XLM,,SHORT,-0.8,0,-0.8,0.22095,0.0450,42.85,0.0000125,0.8,
2026-09-30T15:26:00.615Z,101,VIRTUAL,,SHORT,-0.8,0,-0.8,0.78739,-0.0747,46.95,0.0000125,0.8,
2026-09-30T15:26:00.615Z,102,FARTCOIN,,SHORT,-0.8,0,-0.8,0.17613,0.3144,44.94,0.0000125,0.8,
2026-09-30T15:26:00.615Z,103,PUMP,,LONG,0.8,0.8,0,0.005571,0.8437,45.00,0.0000292604,0.8,
2026-09-30T15:26:00.615Z,104,SKY,,SHORT,-0.8,0,-0.8,0.079173,-0.5645,36.71,0.0000125,0.8,
2026-09-30T15:26:00.615Z,105,0G,,LONG,0.8,0.8,0,0.31424,0.7125,41.31,0.0000125,0.8,
2026-09-30T15:26:00.615Z,106,HEMI,,LONG,0.8,0.8,0,0.006244,0.5728,56.10,0.0000903957,0.8,Funding-Crowding gegen Long
2026-09-30T15:26:00.615Z,107,MET,,SHORT,-0.8,0,-0.8,0.32229,0.0310,47.58,0.0000125,0.8,
2026-09-30T15:26:00.615Z,108,ICP,,LONG,0.8,0.8,0,3.4094,0.9476,51.30,0.0000125,0.8,
2026-09-30T15:26:00.615Z,109,AERO,,SHORT,-0.8,0,-0.8,0.80861,-0.0350,47.48,0.0000125,0.8,
2026-09-30T15:26:00.615Z,110,DASH,,SHORT,-0.8,0,-0.8,60.755,-0.1347,44.42,0.0000125,0.8,
2026-09-30T15:26:00.615Z,111,USELESS,,SHORT,-0.8,0,-0.8,0.24046,0.4266,48.95,0.0000468645,0.8,
2026-09-30T15:26:00.615Z,112,xyz:XYZ100,xyz,LONG,0.8,0.8,0,30554,0.1477,63.23,0.00000625,0.8,
2026-09-30T15:26:00.615Z,113,xyz:HOOD,xyz,SHORT,-0.8,0,-0.8,114.06,-0.1728,36.95,0.0000166416,0.8,
2026-09-30T15:26:00.615Z,114,xyz:MSTR,xyz,SHORT,-0.8,0,-0.8,153.34,-0.1309,42.95,0.00002835,0.8,
2026-09-30T15:26:00.615Z,115,xyz:MINIMAX,xyz,LONG,0.8,0.8,0,31.936,0.5412,55.61,-0.0000069819,0.8,
2026-09-30T15:26:00.615Z,116,xyz:CRCL,xyz,LONG,0.6,0.6,0.6,83.167,-0.3677,40.15,0.0000522159,1.2,Funding-Crowding gegen Long
2026-09-30T15:26:00.615Z,117,BTC,,LONG,0,0,0,83689,0.1777,49.75,0.0000125,1,
2026-09-30T15:26:00.615Z,118,ETH,,LONG,0,0,0,2672.9,0.0466,45.08,0.0000125,1,
2026-09-30T15:26:00.615Z,119,AVAX,,LONG,0,0,0,10.815,-0.4179,36.30,0.0000125,1,
2026-09-30T15:26:00.615Z,120,XRP,,LONG,0,0,0,1.4929,0.1009,44.58,0.0000125,0.8,
2026-09-30T15:26:00.615Z,121,AAVE,,LONG,0,0,0,158.58,-0.1831,42.98,0.0000125,1,
2026-09-30T15:26:00.615Z,122,VVV,,LONG,0,0,0,27.586,0.3184,53.80,0.0000125,0.8,
2026-09-30T15:26:00.615Z,123,SYRUP,,LONG,0,0,0,0.22555,-0.4612,39.57,0.0000125,0.8,
2026-09-30T15:26:00.615Z,124,xyz:INTC,xyz,LONG,0,0,0,118.85,0.3498,66.54,0.000020691,0.8,
2026-09-30T15:26:00.615Z,125,xyz:META,xyz,LONG,0,0,0,730.91,0.0891,45.75,0.00000625,0.8,
2026-09-30T15:26:00.615Z,126,xyz:MSFT,xyz,LONG,0,0,0,518.2,0.3069,71.58,-0.0000039541,1,RSI>70 überhitzt
2026-09-30T15:26:00.615Z,127,xyz:SKHX,xyz,LONG,0,0,0,1312.2,-0.0127,44.53,-0.0000852806,0.8,Funding-Crowding gegen Short (bereits überfüllt)
2026-09-30T15:26:00.615Z,128,xyz:EUR,xyz,LONG,0,0,0,1.1358,0.0241,52.98,0.0000068813,0.8,
2026-09-30T15:26:00.615Z,129,xyz:CL,xyz,LONG,0,0,0,91.803,-0.0046,63.82,0.0000014936,1,
2026-09-30T15:26:00.615Z,130,xyz:LITE,xyz,LONG,0,0,0,944.05,0.1315,37.32,0.0000256042,0.8,
2026-09-30T15:26:00.615Z,131,xyz:MRVL,xyz,LONG,0,0,0,258.51,0.1216,42.30,0.0000128657,0.8,
2026-09-30T15:26:00.615Z,132,xyz:AVGO,xyz,LONG,0,0,0,353.12,0.0550,41.37,0.0000162805,1.2,
2026-09-30T15:26:00.615Z,133,xyz:CXMT,xyz,LONG,0,0,0,8.3655,0.0433,51.77,0.000001673,0.8,
2026-09-30T16:25:53.656Z,1,RUNE,,LONG,3.6,3.6,0,0.80895,1.2991,68.16,0.0000125,1.2,
2026-09-30T16:25:53.656Z,2,EIGEN,,SHORT,-3.6,1.2,-3.6,0.2507,-0.6089,48.21,0.0000125,1.2,
2026-09-30T16:25:53.656Z,3,PURR,,LONG,3.5,3.5,1.5,0.1471,0.7934,62.59,0.0000125,1,
2026-09-30T16:25:53.656Z,4,WLD,,LONG,3,3,0,0.53984,2.4091,65.47,0.0000125,1,
2026-09-30T16:25:53.656Z,5,NEAR,,LONG,3,3,0,5.3562,2.1582,65.59,0.0000125,1,
2026-09-30T16:25:53.656Z,6,JTO,,SHORT,-3,0,-3,0.53857,-0.6934,39.56,0.0000125,1,
2026-09-30T16:25:53.656Z,7,W,,SHORT,-3,0,-3,0.01343,-0.8341,44.53,0.0000125,1,
2026-09-30T16:25:53.656Z,8,ENA,,LONG,3,3,0,0.27329,1.7656,64.35,0.0000125,1,
2026-09-30T16:25:53.656Z,9,GRASS,,LONG,3,3,0,0.72489,1.2752,53.59,0.0000125,1,
2026-09-30T16:25:53.656Z,10,ICP,,LONG,3,3,0,3.4877,1.0665,57.08,0.0000125,1,
2026-09-30T16:25:53.656Z,11,CASHCAT,,SHORT,-3,0,-3,0.17041,-0.9569,45.42,0.0000125,1,
2026-09-30T16:25:53.656Z,12,xyz:CRWD,xyz,LONG,3,3,1,265.89,0.5468,62.74,-0.0001254847,1,Funding-Crowding gegen Short (bereits überfüllt)
2026-09-30T16:25:53.656Z,13,LIT,,SHORT,-2.8,-1.2,-2.8,4.0577,-1.9250,50.60,0.0000264864,0.8,
2026-09-30T16:25:53.656Z,14,io:ANTH,io,LONG,2.8,2.8,1.2,2096.8,0.5186,62.36,0.000019408,0.8,
2026-09-30T16:25:53.656Z,15,BERA,,LONG,2.5,2.5,-0.5,0.26223,2.8155,66.85,-0.0002613638,1,Funding-Crowding gegen Short (bereits überfüllt)
2026-09-30T16:25:53.656Z,16,SUI,,LONG,2.4,2.4,0,1.198,0.5979,61.32,0.0000125,1.2,
2026-09-30T16:25:53.656Z,17,ZRO,,LONG,2.4,2.4,0,1.75106,1.7486,54.69,0.0000125,0.8,
2026-09-30T16:25:53.656Z,18,DOT,,LONG,2.4,2.4,0,1.2485,0.9827,60.84,0.0000125,1.2,
2026-09-30T16:25:53.656Z,19,kBONK,,LONG,2.4,2.4,-0.8,0.003859,1.6645,55.12,0.0000125,0.8,
2026-09-30T16:25:53.656Z,20,WIF,,LONG,2.4,2.4,0,0.25711,1.8557,64.98,0.0000125,0.8,
2026-09-30T16:25:53.656Z,21,NIL,,LONG,2.4,2.4,0,0.089536,2.8556,55.71,0.0000125,0.8,
2026-09-30T16:25:53.656Z,22,2Z,,SHORT,-2.4,0.8,-2.4,0.063925,-1.0822,42.84,0.0000125,0.8,
2026-09-30T16:25:53.656Z,23,AZTEC,,SHORT,-2.4,0,-2.4,0.017149,-1.2667,45.70,0.0000125,0.8,
2026-09-30T16:25:53.656Z,24,xyz:HIMS,xyz,LONG,2.4,2.4,0,30.401,1.2822,74.33,0.00000625,1.2,RSI>70 überhitzt
2026-09-30T16:25:53.656Z,25,xyz:WDC,xyz,LONG,2.4,2.4,0,462.79,0.3831,66.82,0.0000390248,1.2,
2026-09-30T16:25:53.656Z,26,xyz:MRNA,xyz,SHORT,-2.4,0,-2.4,188.91,-1.5145,32.92,0.00000625,0.8,
2026-09-30T16:25:53.656Z,27,DOGE,,LONG,2,2,1.2,0.095509,0.4313,54.93,0.0000125,0.8,
2026-09-30T16:25:53.656Z,28,JUP,,SHORT,-2,0,-2,0.32932,-0.0061,49.47,0.0000125,1,
2026-09-30T16:25:53.656Z,29,ETHFI,,LONG,2,2,0,0.78456,0.8873,60.36,0.0000125,1,
2026-09-30T16:25:53.656Z,30,PENGU,,LONG,2,2,-1,0.009996,0.7762,51.87,0.0000125,1,
2026-09-30T16:25:53.656Z,31,TRUMP,,LONG,2,2,0,2.0883,0.7002,58.63,0.0000125,1,
2026-09-30T16:25:53.656Z,32,PUMP,,LONG,2,2,0,0.005785,1.0388,57.83,0.0000535657,1,Funding-Crowding gegen Long
2026-09-30T16:25:53.656Z,33,xyz:MU,xyz,LONG,2,2,0,1074.7,0.1583,53.49,0.00000625,1,
2026-09-30T16:25:53.656Z,34,xyz:TSM,xyz,LONG,2,2,0,459.03,0.2607,62.32,0.00000625,1,
2026-09-30T16:25:53.656Z,35,xyz:PLATINUM,xyz,SHORT,-2,0,-2,1703.5,-0.0606,45.64,0.0000122482,1,
2026-09-30T16:25:53.656Z,36,INJ,,SHORT,-1.6,0,-1.6,7.3868,-0.5397,36.95,0.0000125,0.8,
2026-09-30T16:25:53.656Z,37,kPEPE,,LONG,1.6,1.6,0,0.004346,0.6504,54.56,0.0000125,0.8,
2026-09-30T16:25:53.656Z,38,CRV,,LONG,1.6,1.6,-0.8,0.39315,0.6862,51.97,0.0000125,0.8,
2026-09-30T16:25:53.656Z,39,LINK,,SHORT,-1.6,0,-1.6,14.404,-0.6879,46.30,0.0000125,0.8,
2026-09-30T16:25:53.656Z,40,FIL,,SHORT,-1.6,0,-1.6,1.0671,-0.0249,49.77,0.0000125,0.8,
2026-09-30T16:25:53.656Z,41,ALGO,,SHORT,-1.6,0,-1.6,0.12554,-0.6666,48.47,0.0000125,0.8,
2026-09-30T16:25:53.656Z,42,SPX,,LONG,1.6,1.6,0,0.4527,1.6059,73.25,0.0000125,0.8,RSI>70 überhitzt
2026-09-30T16:25:53.656Z,43,ASTER,,LONG,1.6,1.6,0,0.77299,1.6794,71.73,0.0000125,0.8,RSI>70 überhitzt
2026-09-30T16:25:53.656Z,44,XMR,,LONG,1.6,1.6,-0.8,544.47,0.0607,53.65,0.0000125,0.8,
2026-09-30T16:25:53.656Z,45,PONS,,SHORT,-1.6,0.8,-1.6,0.53817,0.5047,47.72,0.0000125,0.8,
2026-09-30T16:25:53.656Z,46,xyz:GOLD,xyz,SHORT,-1.6,0,-1.6,4161.4,0.0415,44.20,0.00000625,0.8,
2026-09-30T16:25:53.656Z,47,xyz:COIN,xyz,SHORT,-1.6,0,-1.6,188.19,-0.3912,43.82,0.0000263464,0.8,
2026-09-30T16:25:53.656Z,48,xyz:BABA,xyz,SHORT,-1.6,0,-1.6,108.2,-0.0242,47.17,0.0000087429,0.8,
2026-09-30T16:25:53.656Z,49,xyz:JP225,xyz,LONG,1.6,1.6,0,67343,0.5519,64.21,0.00000625,0.8,
2026-09-30T16:25:53.656Z,50,xyz:KIOXIA,xyz,SHORT,-1.6,0,-1.6,116.77,-2.0782,37.60,0.000045094,0.8,
2026-09-30T16:25:53.656Z,51,xyz:CBRS,xyz,SHORT,-1.6,0,-1.6,180.5,-2.3375,20.22,-0.0000033195,0.8,"RSI<30 überverkauft, Bounce-Risiko"
2026-09-30T16:25:53.656Z,52,xyz:ZHIPU,xyz,LONG,1.6,1.6,0,81.768,0.9627,60.65,0.0000242429,0.8,
2026-09-30T16:25:53.656Z,53,xyz:STRC,xyz,LONG,1.6,1.6,0,99.251,0.0078,57.09,0.00000625,0.8,
2026-09-30T16:25:53.656Z,54,xyz:KORU,xyz,SHORT,-1.6,0,-1.6,20.226,-0.8023,38.70,0.00000625,0.8,
2026-09-30T16:25:53.656Z,55,xyz:IREN,xyz,SHORT,-1.6,0,-1.6,41.299,-0.3828,41.68,0.0000325229,0.8,
2026-09-30T16:25:53.656Z,56,LTC,,LONG,1.5,1.5,0.5,67.202,-0.3177,47.23,0.0000125,1,
2026-09-30T16:25:53.656Z,57,APT,,LONG,1.5,1.5,0.5,0.7965,-0.4110,47.13,0.0000125,1,
2026-09-30T16:25:53.656Z,58,PENDLE,,LONG,1.5,1.5,1.5,2.37014,-0.0293,53.55,0.0000125,1,
2026-09-30T16:25:53.656Z,59,XPL,,LONG,1.5,1.5,-0.5,0.096154,-0.5331,45.88,0.0000125,1,
2026-09-30T16:25:53.656Z,60,CC,,LONG,1.5,1.5,-0.5,0.1244,-0.6103,42.71,0.0000125,1,
2026-09-30T16:25:53.656Z,61,xyz:AAPL,xyz,LONG,1.5,1.5,1.5,336.82,0.1929,66.63,0.00000625,1,
2026-09-30T16:25:53.656Z,62,xyz:ORCL,xyz,SHORT,-1.5,-0.5,-1.5,138.04,0.1665,54.13,0.00000625,1,
2026-09-30T16:25:53.656Z,63,xyz:CRCL,xyz,LONG,1.5,1.5,-0.5,83.751,-0.4010,45.86,0.0000174439,1,
2026-09-30T16:25:53.656Z,64,TAO,,LONG,1.2,1.2,1.2,307.794,0.0840,52.83,0.0000125,0.8,
2026-09-30T16:25:53.656Z,65,XLM,,LONG,1.2,1.2,0,0.22519,0.1003,50.78,0.0000125,1.2,
2026-09-30T16:25:53.656Z,66,GRAM,,LONG,1.2,1.2,0.4,1.5085,-0.4725,48.10,0.0000125,0.8,
2026-09-30T16:25:53.656Z,67,xyz:MSTR,xyz,SHORT,-1.2,0,-1.2,155.26,-0.1018,48.89,0.0000386362,1.2,
2026-09-30T16:25:53.656Z,68,xyz:GME,xyz,SHORT,-1.2,-0.4,-1.2,24.814,0.8354,78.52,0.0000064103,0.8,RSI>70 überhitzt
2026-09-30T16:25:53.656Z,69,xyz:RKLB,xyz,LONG,1.2,1.2,1.2,71.923,0.3733,54.64,0.0000222874,0.8,
2026-09-30T16:25:53.656Z,70,xyz:BB,xyz,SHORT,-1.2,0.4,-1.2,9.1474,1.1263,76.80,0.0000222646,0.8,RSI>70 überhitzt
2026-09-30T16:25:53.656Z,71,xyz:AMAT,xyz,SHORT,-1.2,0.4,-1.2,508.76,0.5297,54.55,0.00000625,0.8,
2026-09-30T16:25:53.656Z,72,SOL,,LONG,1,1,0,119.86,0.1784,52.70,0.000009283,1,
2026-09-30T16:25:53.656Z,73,BNB,,LONG,1,1,0,770.21,0.3377,57.21,0.0000125,1,
2026-09-30T16:25:53.656Z,74,SEI,,LONG,1,1,-1,0.074194,-0.3526,50.61,0.0000125,1,
2026-09-30T16:25:53.656Z,75,ONDO,,SHORT,-1,0,-1,0.50574,-0.3094,48.76,0.0000125,1,
2026-09-30T16:25:53.656Z,76,RENDER,,LONG,1,1,0,1.9523,0.2602,52.97,0.0000125,1,
2026-09-30T16:25:53.656Z,77,PAXG,,SHORT,-1,0,-1,4170.842,0.0406,44.31,0.0000125,1,
2026-09-30T16:25:53.656Z,78,SYRUP,,SHORT,-1,0,-1,0.22814,-0.5278,42.47,0.0000125,1,
2026-09-30T16:25:53.656Z,79,SKY,,SHORT,-1,0,-1,0.079107,-0.7480,37.33,0.0000125,1,
2026-09-30T16:25:53.656Z,80,xyz:TSLA,xyz,SHORT,-1,0,-1,351.1,-0.4855,43.03,0.0000095122,1,
2026-09-30T16:25:53.656Z,81,xyz:MSFT,xyz,LONG,1,1,0,518.07,0.3762,69.72,-0.0000035574,1,
2026-09-30T16:25:53.656Z,82,xyz:GOOGL,xyz,LONG,1,1,0,352.35,0.6813,77.65,0.00000625,1,RSI>70 überhitzt
2026-09-30T16:25:53.656Z,83,xyz:EWY,xyz,SHORT,-1,0,-1,183.41,-0.2583,38.82,0.00000625,1,
2026-09-30T16:25:53.656Z,84,xyz:PURRDAT,xyz,LONG,-1,-1,0,12.419,0.2753,62.84,0.0000556349,1,Funding-Crowding gegen Long
2026-09-30T16:25:53.656Z,85,xyz:NBIS,xyz,LONG,1,1,-1,240.89,0.4187,52.30,0.00000625,1,
2026-09-30T16:25:53.656Z,86,io:NBIS,io,LONG,1,1,-1,240.94,0.4293,52.91,0.0000176816,1,
2026-09-30T16:25:53.656Z,87,BTC,,LONG,0.8,0.8,0,84464,0.2567,57.61,0.0000125,0.8,
2026-09-30T16:25:53.656Z,88,ETH,,LONG,0.8,0.8,0,2693.5,0.0848,51.80,0.0000125,0.8,
2026-09-30T16:25:53.656Z,89,LDO,,SHORT,-0.8,0,-0.8,0.46731,0.3457,48.30,0.0000125,0.8,
2026-09-30T16:25:53.656Z,90,XRP,,LONG,0.8,0.8,0,1.5144,0.1952,53.39,0.0000125,0.8,
2026-09-30T16:25:53.656Z,91,TRX,,LONG,0.8,0.8,0,0.338126,0.3240,56.95,0.0000125,0.8,
2026-09-30T16:25:53.656Z,92,STRK,,LONG,0.8,0.8,-0.8,0.0422,-0.0538,50.21,0.0000125,0.8,
2026-09-30T16:25:53.656Z,93,FARTCOIN,,LONG,0.8,0.8,0,0.18026,0.4412,53.63,0.0000125,0.8,
2026-09-30T16:25:53.656Z,94,MORPHO,,SHORT,-0.8,0,-0.8,2.5489,0.4178,50.37,0.0000125,0.8,
2026-09-30T16:25:53.656Z,95,VVV,,LONG,0.8,0.8,0,27.918,0.5859,57.21,0.0000186751,0.8,
2026-09-30T16:25:53.656Z,96,USELESS,,LONG,0.8,0.8,0,0.24709,0.7390,54.26,0.0000413315,0.8,
2026-09-30T16:25:53.656Z,97,xyz:XYZ100,xyz,LONG,0.8,0.8,0,30599,0.1892,66.42,0.00000625,0.8,
2026-09-30T16:25:53.656Z,98,xyz:NVDA,xyz,LONG,0.8,0.8,0,230.5,0.2022,59.54,0.00000625,0.8,
2026-09-30T16:25:53.656Z,99,xyz:HOOD,xyz,SHORT,-0.8,0,-0.8,114.62,-0.3442,39.39,0.0000238468,0.8,
2026-09-30T16:25:53.656Z,100,xyz:PLTR,xyz,LONG,0.8,0.8,0,189.96,0.3519,67.75,-0.0000115115,0.8,
2026-09-30T16:25:53.656Z,101,xyz:META,xyz,LONG,0.8,0.8,0,737.55,0.1753,56.55,0.00000625,0.8,
2026-09-30T16:25:53.656Z,102,xyz:AMD,xyz,SHORT,-0.8,0,-0.8,602.48,-0.3054,39.84,0.00000625,0.8,
2026-09-30T16:25:53.656Z,103,xyz:SNDK,xyz,LONG,0.8,0.8,0,1740.2,0.2552,59.73,0.0000211636,0.8,
2026-09-30T16:25:53.656Z,104,xyz:LLY,xyz,SHORT,-0.8,0,-0.8,1176.8,-0.0125,34.88,0.000042026,0.8,
2026-09-30T16:25:53.656Z,105,xyz:SKHX,xyz,SHORT,-0.8,0,-0.8,1315.1,-0.0187,47.12,0.00000625,0.8,
2026-09-30T16:25:53.656Z,106,xyz:JPY,xyz,LONG,0.8,0.8,0,157.24,-0.0287,55.58,-0.0000087717,0.8,
2026-09-30T16:25:53.656Z,107,xyz:EUR,xyz,SHORT,-0.8,0,-0.8,1.1342,0.0034,43.24,0.0000122652,0.8,
2026-09-30T16:25:53.656Z,108,xyz:SILVER,xyz,SHORT,-0.8,0,-0.8,60.34,-0.2992,37.79,0.0000153083,0.8,
2026-09-30T16:25:53.656Z,109,xyz:COPPER,xyz,SHORT,-0.8,0,-0.8,6.6259,-0.0435,46.37,0.0000393478,0.8,
2026-09-30T16:25:53.656Z,110,xyz:NATGAS,xyz,SHORT,-0.8,0,-0.8,3.0121,-0.4919,43.53,0.00000625,0.8,
2026-09-30T16:25:53.656Z,111,xyz:SMSN,xyz,SHORT,-0.8,0,-0.8,195.19,-0.7489,32.97,-0.0000635959,0.8,Funding-Crowding gegen Short (bereits überfüllt)
2026-09-30T16:25:53.656Z,112,xyz:CRWV,xyz,LONG,0.8,0.8,0,87.161,0.3237,59.42,0.00000625,0.8,
2026-09-30T16:25:53.656Z,113,xyz:SP500,xyz,LONG,0.8,0.8,0,7712.5,0.0887,62.32,0.00000625,0.8,
2026-09-30T16:25:53.656Z,114,xyz:DRAM,xyz,SHORT,-0.8,0,-0.8,60.698,-0.0729,45.80,0.0000195997,0.8,
2026-09-30T16:25:53.656Z,115,xyz:ARM,xyz,SHORT,-0.8,0,-0.8,286.13,-0.4013,34.71,0.0000322332,0.8,
2026-09-30T16:25:53.656Z,116,xyz:MINIMAX,xyz,LONG,0.8,0.8,0,31.952,0.5317,56.08,-0.0000020553,0.8,
2026-09-30T16:25:53.656Z,117,xyz:SOXL,xyz,SHORT,-0.8,0,-0.8,145.86,0.1256,48.11,0.00000625,0.8,
2026-09-30T16:25:53.656Z,118,mkts:US500,mkts,LONG,0.8,0.8,0,768.24,0.0834,61.44,0.0000057078,0.8,
2026-09-30T16:25:53.656Z,119,mkts:USBOND,mkts,SHORT,-0.8,0,-0.8,77.735,-0.2086,31.19,-0.0000257875,0.8,
2026-09-30T16:25:53.656Z,120,mkts:USTECH,mkts,LONG,0.8,0.8,0,743.89,0.1834,67.51,-0.0000076272,0.8,
2026-09-30T16:25:53.656Z,121,io:SNDK,io,LONG,0.8,0.8,0,1738.6,0.2506,59.81,0.00000625,0.8,
2026-09-30T16:25:53.656Z,122,AVAX,,LONG,0,0,0,11.032,-0.3601,44.85,0.0000125,0.8,
2026-09-30T16:25:53.656Z,123,ARB,,LONG,0,0,0,0.20651,0.0051,53.14,0.0000125,0.8,
2026-09-30T16:25:53.656Z,124,BCH,,LONG,0,0,0,309.73,-0.0023,51.16,0.0000125,0.8,
2026-09-30T16:25:53.656Z,125,AAVE,,LONG,0,0,0,160.65,-0.1315,47.84,0.0000125,0.8,
2026-09-30T16:25:53.656Z,126,UNI,,LONG,0,0,0,8.99775,0.2080,53.60,0.0000125,0.8,
2026-09-30T16:25:53.656Z,127,TIA,,LONG,0,0,0,0.44733,-0.0977,50.82,0.0000125,1,
2026-09-30T16:25:53.656Z,128,ADA,,LONG,0,0,0,0.24859,0.2552,53.10,0.0000125,0.8,
2026-09-30T16:25:53.656Z,129,FET,,LONG,0,0,0,0.22614,-0.1310,53.88,0.0000445181,0.8,
2026-09-30T16:25:53.656Z,130,HBAR,,LONG,0,0,0,0.10835,-0.3292,52.63,0.0000125,0.8,
2026-09-30T16:25:53.656Z,131,HYPE,,LONG,0,0,0,88.951,0.1347,62.71,-0.000006405,1.2,
2026-09-30T16:25:53.656Z,132,VIRTUAL,,LONG,0,0,0,0.81569,0.2637,57.94,0.0000125,0.8,
2026-09-30T16:25:53.656Z,133,0G,,LONG,0,0,0,0.32167,0.4808,47.08,0.0000125,1,
2026-09-30T16:25:53.656Z,134,ZEC,,LONG,0,0,0,1454.8,0.3054,56.34,0.0000125,0.8,
2026-09-30T16:25:53.656Z,135,MON,,LONG,0,0,0,0.028133,0.3073,56.06,0.0000125,1.2,
2026-09-30T16:25:53.656Z,136,MET,,LONG,0,0,0,0.33021,0.2480,55.22,0.0000125,0.8,
2026-09-30T16:25:53.656Z,137,AERO,,LONG,0,0,0,0.82491,0.1115,54.81,0.0000256163,1,
2026-09-30T16:25:53.656Z,138,DASH,,LONG,0,0,0,61.704,0.0132,51.42,0.0000125,0.8,
2026-09-30T16:25:53.656Z,139,CHIP,,LONG,0,0,0,0.044826,0.4503,51.51,0.0000125,0.8,
2026-09-30T16:25:53.656Z,140,xyz:INTC,xyz,LONG,0,0,0,119.21,0.4883,67.54,0.0000155753,0.8,
2026-09-30T16:25:53.656Z,141,xyz:AMZN,xyz,LONG,0,0,0,251.89,0.3873,71.68,0.00000625,0.8,RSI>70 überhitzt
2026-09-30T16:25:53.656Z,142,xyz:CL,xyz,LONG,0,0,0,91.406,0.0239,59.02,-0.0000033927,0.8,
2026-09-30T16:25:53.656Z,143,xyz:BRENTOIL,xyz,LONG,0,0,0,98.822,0.3992,65.76,-0.0000150193,0.8,
2026-09-30T16:25:53.656Z,144,xyz:LITE,xyz,LONG,0,0,0,953.22,0.0366,42.37,0.0000112957,0.8,
2026-09-30T16:25:53.656Z,145,xyz:MRVL,xyz,LONG,0,0,0,259.43,0.0952,45.35,0.0000078639,0.8,
2026-09-30T16:25:53.656Z,146,xyz:SPCX,xyz,LONG,0,0,0,151.51,0.4316,70.47,0.00000625,1,RSI>70 überhitzt
2026-09-30T16:25:53.656Z,147,xyz:DELL,xyz,LONG,0,0,0,543.76,0.0697,53.02,0.00000625,0.8,
2026-09-30T16:25:53.656Z,148,xyz:AVGO,xyz,LONG,0,0,0,353.36,0.0123,41.91,0.000008869,0.8,
2026-09-30T16:25:53.656Z,149,xyz:BE,xyz,LONG,0,0,0,277.97,-0.0239,33.23,0.0000272421,1,
2026-09-30T16:25:53.656Z,150,xyz:SKHY,xyz,LONG,0,0,0,186,0.0555,49.92,-0.0000052985,0.8,
2026-09-30T16:25:53.656Z,151,xyz:CXMT,xyz,LONG,0,0,0,8.3865,0.0925,54.59,0.0000388227,0.8,
2026-09-30T16:25:53.656Z,152,xyz:UNITREE,xyz,LONG,0,0,0,67.937,-0.0554,50.70,0.00000625,0.8,
2026-09-30T16:25:53.656Z,153,io:OAI,io,LONG,0,0,0,1644.8,-0.2041,43.26,0.0000211684,0.8,
2026-09-30T17:22:45.252Z,1,ETHFI,,LONG,3.6,3.6,0,0.81677,1.3120,70.71,0.0000486079,1.2,RSI>70 überhitzt
2026-09-30T17:22:45.252Z,2,2Z,,SHORT,-3.6,0,-3.6,0.063046,-1.1597,38.31,0.0000125,1.2,
2026-09-30T17:22:45.252Z,3,DOT,,LONG,3,3,0,1.2474,1.0155,60.69,0.0000125,1,
2026-09-30T17:22:45.252Z,4,NEAR,,LONG,3,3,0,5.3996,2.3409,65.99,0.0000125,1,
2026-09-30T17:22:45.252Z,5,ENA,,LONG,3,3,0,0.2689,1.7969,60.11,0.0000125,1,
2026-09-30T17:22:45.252Z,6,GRASS,,LONG,3,3,0,0.72988,1.4004,54.26,0.0000125,1,
2026-09-30T17:22:45.252Z,7,PURR,,LONG,3,3,0,0.148507,1.0867,64.37,0.0000125,1,
2026-09-30T17:22:45.252Z,8,LIT,,SHORT,-2.8,-1.2,-2.8,4.0124,-1.7888,47.52,0.0000125,0.8,
2026-09-30T17:22:45.252Z,9,BERA,,LONG,2.5,2.5,-0.5,0.25875,2.7905,63.22,-0.0002094313,1,Funding-Crowding gegen Short (bereits überfüllt)
2026-09-30T17:22:45.252Z,10,ASTER,,SHORT,-2.5,1.5,-2.5,0.76066,1.4435,58.19,0.0000125,1,
2026-09-30T17:22:45.252Z,11,WLD,,LONG,2.4,2.4,0,0.54141,2.5094,64.41,0.0000125,0.8,
2026-09-30T17:22:45.252Z,12,RUNE,,LONG,2.4,2.4,0,0.82471,1.6038,72.31,0.0000125,1.2,RSI>70 überhitzt
2026-09-30T17:22:45.252Z,13,kBONK,,LONG,2.4,2.4,-0.8,0.003841,1.5232,53.57,0.0000125,0.8,
2026-09-30T17:22:45.252Z,14,WIF,,LONG,2.4,2.4,0,0.25228,1.6183,57.44,0.0000150066,0.8,
2026-09-30T17:22:45.252Z,15,W,,SHORT,-2.4,0,-2.4,0.01325,-0.9393,40.42,0.0000125,0.8,
2026-09-30T17:22:45.252Z,16,SPX,,LONG,2.4,2.4,0,0.44228,1.5713,62.63,0.0000125,0.8,
2026-09-30T17:22:45.252Z,17,NIL,,LONG,2.4,2.4,0,0.087767,2.4479,51.60,0.0000125,0.8,
2026-09-30T17:22:45.252Z,18,SKY,,SHORT,-2.4,0,-2.4,0.079059,-0.8517,37.50,0.0000125,1.2,
2026-09-30T17:22:45.252Z,19,CASHCAT,,SHORT,-2.4,0,-2.4,0.170412,-1.0138,45.60,0.0000125,0.8,
2026-09-30T17:22:45.252Z,20,xyz:KORU,xyz,SHORT,-2.4,0,-2.4,19.92,-1.0096,33.91,0.00000625,0.8,
2026-09-30T17:22:45.252Z,21,xyz:MRNA,xyz,SHORT,-2.4,0,-2.4,190.69,-1.4975,37.78,0.00000625,0.8,
2026-09-30T17:22:45.252Z,22,SUI,,LONG,2,2,0,1.1877,0.6519,57.34,0.0000125,1,
2026-09-30T17:22:45.252Z,23,JTO,,SHORT,-2,0,-2,0.53893,-0.7691,40.93,0.0000125,1,
2026-09-30T17:22:45.252Z,24,EIGEN,,LONG,2,2,-1.2,0.2504,-0.5356,48.35,0.0000125,0.8,
2026-09-30T17:22:45.252Z,25,PUMP,,LONG,2,2,0,0.00592,1.3031,63.46,0.000057339,1,Funding-Crowding gegen Long
2026-09-30T17:22:45.252Z,26,xyz:HOOD,xyz,SHORT,-2,0,-2,113.32,-0.6299,35.63,0.0000427291,1,
2026-09-30T17:22:45.252Z,27,xyz:JP225,xyz,SHORT,-2,-0.4,-2,67058,0.4951,58.07,0.00000625,0.8,
2026-09-30T17:22:45.252Z,28,xyz:KIOXIA,xyz,SHORT,-2,0,-2,116.15,-1.9754,34.72,-0.0001930279,1,Funding-Crowding gegen Short (bereits überfüllt)
2026-09-30T17:22:45.252Z,29,INJ,,SHORT,-1.6,0,-1.6,7.3551,-0.6619,36.66,0.0000125,0.8,
2026-09-30T17:22:45.252Z,30,kPEPE,,LONG,1.6,1.6,0,0.00436,0.6663,55.84,0.0000125,0.8,
2026-09-30T17:22:45.252Z,31,SEI,,SHORT,-1.6,0.8,-1.6,0.073762,-0.3080,48.80,0.0000125,0.8,
2026-09-30T17:22:45.252Z,32,ZRO,,LONG,1.6,1.6,0,1.7103,1.4108,48.67,0.0000125,0.8,
2026-09-30T17:22:45.252Z,33,MORPHO,,SHORT,-1.6,0,-1.6,2.5222,0.2729,46.98,0.0000125,0.8,
2026-09-30T17:22:45.252Z,34,TRUMP,,LONG,1.6,1.6,0,2.0614,0.5906,51.74,0.0000125,0.8,
2026-09-30T17:22:45.252Z,35,ICP,,LONG,1.6,1.6,0,3.4557,0.9662,54.49,0.0000125,0.8,
2026-09-30T17:22:45.252Z,36,CHIP,,SHORT,-1.6,0,-1.6,0.044177,0.2784,47.12,0.0000125,0.8,
2026-09-30T17:22:45.252Z,37,PONS,,SHORT,-1.6,0,-1.6,0.53257,0.2451,45.45,0.0000125,0.8,
2026-09-30T17:22:45.252Z,38,xyz:EUR,xyz,SHORT,-1.6,0,-1.6,1.1344,0.0002,45.86,0.0000093576,0.8,
2026-09-30T17:22:45.252Z,39,xyz:HIMS,xyz,LONG,1.6,1.6,0,30.383,1.4631,73.34,0.00000625,0.8,RSI>70 überhitzt
2026-09-30T17:22:45.252Z,40,xyz:CBRS,xyz,SHORT,-1.6,0,-1.6,179.71,-2.4658,20.08,-0.0000096026,0.8,"RSI<30 überverkauft, Bounce-Risiko"
2026-09-30T17:22:45.252Z,41,xyz:ZHIPU,xyz,LONG,1.6,1.6,0,81.536,0.8977,58.99,-0.0000591334,0.8,Funding-Crowding gegen Short (bereits überfüllt)
2026-09-30T17:22:45.252Z,42,xyz:CRWD,xyz,LONG,1.6,1.6,0,264.72,0.5007,57.32,-0.0001388611,0.8,Funding-Crowding gegen Short (bereits überfüllt)
2026-09-30T17:22:45.252Z,43,io:ANTH,io,LONG,1.6,1.6,0,2095.6,0.5385,60.79,0.0000076891,0.8,
2026-09-30T17:22:45.252Z,44,CC,,LONG,1.5,1.5,-0.5,0.1249,-0.5634,45.15,0.0000125,1,
2026-09-30T17:22:45.252Z,45,xyz:ORCL,xyz,LONG,-1.5,-1.5,-1.5,137.29,0.1144,49.09,0.0000164928,1,
2026-09-30T17:22:45.252Z,46,LTC,,LONG,1.2,1.2,0.4,67.008,-0.2994,45.50,0.0000125,0.8,
2026-09-30T17:22:45.252Z,47,DOGE,,LONG,1.2,1.2,1.2,0.094769,0.3505,50.32,0.0000125,0.8,
2026-09-30T17:22:45.252Z,48,LINK,,LONG,1.2,1.2,-0.4,14.384,-0.6381,45.87,0.0000125,0.8,
2026-09-30T17:22:45.252Z,49,BCH,,LONG,1.2,1.2,1.2,309.76,0.0368,51.93,0.0000125,0.8,
2026-09-30T17:22:45.252Z,50,HYPE,,LONG,1.2,1.2,0,90.445,0.5266,67.38,0.0000125,1.2,
2026-09-30T17:22:45.252Z,51,XPL,,LONG,1.2,1.2,-1.2,0.095531,-0.5969,43.93,0.0000125,0.8,
2026-09-30T17:22:45.252Z,52,xyz:AAPL,xyz,LONG,1.2,1.2,1.2,335.65,0.2211,60.63,0.00000625,0.8,
2026-09-30T17:22:45.252Z,53,xyz:AMZN,xyz,LONG,1.2,1.2,0,250.71,0.4021,64.62,0.00000625,1.2,
2026-09-30T17:22:45.252Z,54,xyz:MSTR,xyz,LONG,1.2,1.2,-0.4,154.17,-0.1890,45.66,0.0000328997,0.8,
2026-09-30T17:22:45.252Z,55,xyz:CRCL,xyz,LONG,1.2,1.2,-1.2,82.86,-0.5126,40.15,0.0000336523,0.8,
2026-09-30T17:22:45.252Z,56,xyz:GME,xyz,SHORT,-1.2,-0.4,-1.2,24.808,0.8882,75.92,0.000006419,0.8,RSI>70 überhitzt
2026-09-30T17:22:45.252Z,57,xyz:PURRDAT,xyz,LONG,-1.2,-1.2,0,12.451,0.4827,63.14,0.000094141,1.2,Funding-Crowding gegen Long
2026-09-30T17:22:45.252Z,58,xyz:RKLB,xyz,LONG,1.2,1.2,1.2,72,0.4541,54.62,0.0000375527,0.8,
2026-09-30T17:22:45.252Z,59,xyz:BB,xyz,SHORT,-1.2,0.4,-1.2,9.1344,1.2874,72.61,0.0000420851,0.8,RSI>70 überhitzt
2026-09-30T17:22:45.252Z,60,SOL,,LONG,1,1,0,119.63,0.1901,51.15,0.0000125,1,
2026-09-30T17:22:45.252Z,61,APT,,SHORT,-1,0,-1,0.7928,-0.4321,45.65,0.0000125,1,
2026-09-30T17:22:45.252Z,62,FARTCOIN,,LONG,1,1,0,0.17957,0.4576,51.62,0.0000125,1,
2026-09-30T17:22:45.252Z,63,VVV,,LONG,1,1,0,27.988,0.6969,58.06,0.0000125,1,
2026-09-30T17:22:45.252Z,64,MON,,LONG,1,1,0,0.028791,0.6896,61.79,0.0000578126,1,Funding-Crowding gegen Long
2026-09-30T17:22:45.252Z,65,xyz:TSLA,xyz,LONG,1,1,-1,351.24,-0.4496,43.50,0.0000268833,1,
2026-09-30T17:22:45.252Z,66,xyz:INTC,xyz,LONG,1,1,0,119.41,0.5975,68.43,0.0000108624,1,
2026-09-30T17:22:45.252Z,67,xyz:PLTR,xyz,LONG,1,1,0,188.05,0.2836,52.78,7.466e-7,1,
2026-09-30T17:22:45.252Z,68,xyz:MSFT,xyz,LONG,1,1,0,516.74,0.3953,64.75,0.0000026208,1,
2026-09-30T17:22:45.252Z,69,xyz:GOOGL,xyz,LONG,1,1,0,350.81,0.7145,71.29,0.0000094311,1,RSI>70 überhitzt
2026-09-30T17:22:45.252Z,70,xyz:SILVER,xyz,SHORT,-1,0,-1,60.178,-0.3508,35.45,0.0000166787,1,
2026-09-30T17:22:45.252Z,71,xyz:NATGAS,xyz,SHORT,-1,0,-1,3.0093,-0.4829,43.35,0.0000116885,1,
2026-09-30T17:22:45.252Z,72,xyz:PLATINUM,xyz,SHORT,-1,0,-1,1704,-0.0763,45.54,0.0000380916,1,
2026-09-30T17:22:45.252Z,73,xyz:SP500,xyz,LONG,1,1,0,7698.3,0.0806,53.36,0.00000625,1,
2026-09-30T17:22:45.252Z,74,xyz:SPCX,xyz,LONG,1,1,0,151.35,0.4656,69.72,0.00000625,1,
2026-09-30T17:22:45.252Z,75,xyz:STRC,xyz,LONG,1,1,0,99.278,0.0262,57.92,0.0000015966,1,
2026-09-30T17:22:45.252Z,76,xyz:IREN,xyz,SHORT,-1,0,-1,41.114,-0.4070,40.77,0.0000237471,1,
2026-09-30T17:22:45.252Z,77,mkts:USTECH,mkts,LONG,1,1,0,742.28,0.1832,60.43,-0.0000233889,1,
2026-09-30T17:22:45.252Z,78,BTC,,LONG,0.8,0.8,0,84106,0.2396,53.74,0.0000125,0.8,
2026-09-30T17:22:45.252Z,79,BNB,,LONG,0.8,0.8,0,769.68,0.3392,56.46,0.0000125,0.8,
2026-09-30T17:22:45.252Z,80,CRV,,LONG,0.8,0.8,0,0.39111,0.5707,50.40,0.0000125,0.8,
2026-09-30T17:22:45.252Z,81,TRX,,LONG,0.8,0.8,-0.8,0.33791,0.2872,55.19,0.0000125,0.8,
2026-09-30T17:22:45.252Z,82,TIA,,SHORT,-0.8,0,-0.8,0.44605,-0.0511,49.30,0.0000125,0.8,
2026-09-30T17:22:45.252Z,83,FIL,,SHORT,-0.8,0,-0.8,1.0573,-0.1003,46.31,0.0000125,0.8,
2026-09-30T17:22:45.252Z,84,JUP,,LONG,0.8,0.8,-0.8,0.33422,0.1467,54.41,-0.0000017074,0.8,
2026-09-30T17:22:45.252Z,85,HBAR,,SHORT,-0.8,0,-0.8,0.10708,-0.3485,47.55,0.0000125,0.8,
2026-09-30T17:22:45.252Z,86,XLM,,LONG,0.8,0.8,0,0.22554,0.1198,51.06,0.0000125,0.8,
2026-09-30T17:22:45.252Z,87,PENGU,,LONG,0.8,0.8,-0.8,0.009924,0.6519,49.72,0.0000125,0.8,
2026-09-30T17:22:45.252Z,88,PAXG,,SHORT,-0.8,0,-0.8,4162.3,-0.0068,41.22,0.0000125,0.8,
2026-09-30T17:22:45.252Z,89,SYRUP,,SHORT,-0.8,0,-0.8,0.2298,-0.5453,44.99,0.0000125,0.8,
2026-09-30T17:22:45.252Z,90,ZEC,,LONG,0.8,0.8,0,1463.5,0.5090,57.48,0.0000129823,0.8,
2026-09-30T17:22:45.252Z,91,XMR,,LONG,0.8,0.8,-0.8,546.75,0.1414,57.30,0.0000537571,0.8,Funding-Crowding gegen Long
2026-09-30T17:22:45.252Z,92,xyz:XYZ100,xyz,LONG,0.8,0.8,0,30534,0.1901,59.85,0.00000625,0.8,
2026-09-30T17:22:45.252Z,93,xyz:NVDA,xyz,LONG,0.8,0.8,0,230.35,0.2184,59.06,0.00000625,0.8,
2026-09-30T17:22:45.252Z,94,xyz:GOLD,xyz,SHORT,-0.8,0,-0.8,4153.2,-0.0091,40.68,0.00000625,0.8,
2026-09-30T17:22:45.252Z,95,xyz:COIN,xyz,SHORT,-0.8,0,-0.8,187.37,-0.4717,41.47,0.0000316462,0.8,
2026-09-30T17:22:45.252Z,96,xyz:META,xyz,LONG,0.8,0.8,0,734.47,0.1485,51.38,0.00000625,0.8,
2026-09-30T17:22:45.252Z,97,xyz:AMD,xyz,SHORT,-0.8,0,-0.8,605.58,-0.2470,46.01,0.00000625,0.8,
2026-09-30T17:22:45.252Z,98,xyz:MU,xyz,SHORT,-0.8,0,-0.8,1070.5,0.1269,49.46,0.0000106999,0.8,
2026-09-30T17:22:45.252Z,99,xyz:SNDK,xyz,LONG,0.8,0.8,0,1733.8,0.2336,53.74,0.0000291315,0.8,
2026-09-30T17:22:45.252Z,100,xyz:LLY,xyz,SHORT,-0.8,0,-0.8,1185.4,0.0261,47.33,0.0000169715,0.8,
2026-09-30T17:22:45.252Z,101,xyz:SKHX,xyz,SHORT,-0.8,0,-0.8,1310.7,-0.0648,43.28,-0.0000488099,0.8,
2026-09-30T17:22:45.252Z,102,xyz:TSM,xyz,LONG,0.8,0.8,0,458.71,0.2787,61.19,0.00000625,0.8,
2026-09-30T17:22:45.252Z,103,xyz:BABA,xyz,SHORT,-0.8,0,-0.8,108.03,-0.0427,45.08,0.0000201548,0.8,
2026-09-30T17:22:45.252Z,104,xyz:COPPER,xyz,SHORT,-0.8,0,-0.8,6.6223,-0.0539,45.43,0.0000372259,0.8,
2026-09-30T17:22:45.252Z,105,xyz:SMSN,xyz,SHORT,-0.8,0,-0.8,194.56,-0.8236,30.19,-0.0000534877,0.8,Funding-Crowding gegen Short (bereits überfüllt)
2026-09-30T17:22:45.252Z,106,xyz:CRWV,xyz,LONG,0.8,0.8,0,86.847,0.3254,56.90,0.00000625,0.8,
2026-09-30T17:22:45.252Z,107,xyz:EWY,xyz,SHORT,-0.8,0,-0.8,182.54,-0.3244,34.50,0.00000625,0.8,
2026-09-30T17:22:45.252Z,108,xyz:DRAM,xyz,SHORT,-0.8,0,-0.8,60.422,-0.1342,40.76,0.0000304549,0.8,
2026-09-30T17:22:45.252Z,109,xyz:ARM,xyz,SHORT,-0.8,0,-0.8,286.25,-0.4886,34.66,0.000038865,0.8,
2026-09-30T17:22:45.252Z,110,xyz:MINIMAX,xyz,SHORT,0.8,0,0.8,31.844,0.4901,53.35,-0.0000814561,0.8,Funding-Crowding gegen Short (bereits überfüllt)
2026-09-30T17:22:45.252Z,111,xyz:WDC,xyz,LONG,0.8,0.8,0,460.39,0.3773,59.80,0.0000299773,0.8,
2026-09-30T17:22:45.252Z,112,mkts:US500,mkts,LONG,0.8,0.8,0,766.89,0.0742,52.66,0.0000057078,0.8,
2026-09-30T17:22:45.252Z,113,io:SNDK,io,LONG,0.8,0.8,0,1733.3,0.2303,53.85,0.00000625,0.8,
2026-09-30T17:22:45.252Z,114,ETH,,LONG,0,0,0,2686.5,0.0753,49.56,0.0000125,1,
2026-09-30T17:22:45.252Z,115,AVAX,,LONG,0,0,0,11.005,-0.4173,43.87,0.0000125,0.8,
2026-09-30T17:22:45.252Z,116,ARB,,LONG,0,0,0,0.20521,0.0227,51.22,0.0000125,0.8,
2026-09-30T17:22:45.252Z,117,LDO,,LONG,0,0,0,0.46635,0.2380,47.60,0.0000125,0.8,
2026-09-30T17:22:45.252Z,118,XRP,,LONG,0,0,0,1.5068,0.1579,50.34,0.0000125,0.8,
2026-09-30T17:22:45.252Z,119,AAVE,,LONG,0,0,0,160.83,-0.1028,48.58,0.0000125,0.8,
2026-09-30T17:22:45.252Z,120,UNI,,LONG,0,0,0,8.9451,0.2113,51.05,0.0000125,0.8,
2026-09-30T17:22:45.252Z,121,ADA,,LONG,0,0,0,0.248,0.2744,51.83,0.0000125,0.8,
2026-09-30T17:22:45.252Z,122,PENDLE,,LONG,0,0,0,2.3841,0.1308,55.91,0.0000125,0.8,
2026-09-30T17:22:45.252Z,123,FET,,LONG,0,0,0,0.22409,-0.0732,51.03,0.0000202052,0.8,
2026-09-30T17:22:45.252Z,124,ONDO,,LONG,0,0,0,0.50916,-0.1458,50.95,0.0000125,0.8,
2026-09-30T17:22:45.252Z,125,STRK,,LONG,0,0,0,0.0418,-0.1312,47.18,0.0000129104,0.8,
2026-09-30T17:22:45.252Z,126,TAO,,LONG,0,0,0,307.02,0.1332,51.53,0.0000125,0.8,
2026-09-30T17:22:45.252Z,127,RENDER,,LONG,0,0,0,1.9384,0.2303,49.94,0.0000125,0.8,
2026-09-30T17:22:45.252Z,128,VIRTUAL,,LONG,0,0,0,0.80851,0.3247,55.01,0.0000125,0.8,
2026-09-30T17:22:45.252Z,129,0G,,LONG,0,0,0,0.31795,0.1634,44.66,0.0000125,0.8,
2026-09-30T17:22:45.252Z,130,MET,,LONG,0,0,0,0.330397,0.3590,56.12,0.0000125,0.8,
2026-09-30T17:22:45.252Z,131,AERO,,LONG,0,0,0,0.81318,0.0643,49.95,0.0000229219,0.8,
2026-09-30T17:22:45.252Z,132,DASH,,LONG,0,0,0,61.446,0.0324,49.84,0.0000125,0.8,
2026-09-30T17:22:45.252Z,133,GRAM,,LONG,0,0,0,1.5161,-0.3748,50.55,0.0000125,0.8,
2026-09-30T17:22:45.252Z,134,USELESS,,LONG,0,0,0,0.24817,0.8984,54.18,0.0000854964,0.8,Funding-Crowding gegen Long
2026-09-30T17:22:45.252Z,135,xyz:JPY,xyz,LONG,0,0,0,157.21,-0.0147,55.39,-0.0000080847,0.8,
2026-09-30T17:22:45.252Z,136,xyz:CL,xyz,LONG,0,0,0,90.983,0.0194,54.36,0.0000024936,1,
2026-09-30T17:22:45.252Z,137,xyz:BRENTOIL,xyz,LONG,0,0,0,98.342,0.3783,60.49,-0.0000255156,1,
2026-09-30T17:22:45.252Z,138,xyz:LITE,xyz,LONG,0,0,0,959.79,0.0151,47.08,0.00000625,0.8,
2026-09-30T17:22:45.252Z,139,xyz:MRVL,xyz,LONG,0,0,0,260.41,0.0886,47.92,0.0000105124,1,
2026-09-30T17:22:45.252Z,140,xyz:DELL,xyz,LONG,0,0,0,543.05,0.0599,49.82,0.00000625,0.8,
2026-09-30T17:22:45.252Z,141,xyz:AVGO,xyz,LONG,0,0,0,352.95,-0.0382,40.40,0.0000213125,0.8,
2026-09-30T17:22:45.252Z,142,xyz:NBIS,xyz,LONG,0,0,0,238.38,0.2659,45.92,0.00000625,0.8,
2026-09-30T17:22:45.252Z,143,xyz:BE,xyz,LONG,0,0,0,278.86,-0.2229,34.17,0.0000326896,0.8,
2026-09-30T17:22:45.252Z,144,xyz:SKHY,xyz,LONG,0,0,0,185.29,0.0091,45.84,-0.0000056862,0.8,
2026-09-30T17:22:45.252Z,145,xyz:CXMT,xyz,LONG,0,0,0,8.3488,0.0478,49.86,-0.0000997275,0.8,Funding-Crowding gegen Short (bereits überfüllt)
2026-09-30T17:22:45.252Z,146,xyz:UNITREE,xyz,LONG,0,0,0,67.972,-0.0358,51.70,0.00000625,0.8,
2026-09-30T17:22:45.252Z,147,xyz:SOXL,xyz,LONG,0,0,0,146.05,0.1203,48.79,0.00000625,0.8,
2026-09-30T17:22:45.252Z,148,mkts:USBOND,mkts,LONG,0,0,0,77.565,-0.2602,24.87,-0.0000178128,0.8,"RSI<30 überverkauft, Bounce-Risiko"
2026-09-30T17:22:45.252Z,149,io:OAI,io,LONG,0,0,0,1654.1,-0.1807,47.86,0.0000327303,1,
2026-09-30T17:22:45.252Z,150,io:NBIS,io,LONG,0,0,0,238.6,0.2636,45.67,0.0000157521,0.8,
